date,China_AverageTemperature
1816-03-01,10.0775
1816-04-01,13.688071428571428
1816-05-01,16.98892857142857
1816-06-01,17.59957142857143
1816-07-01,17.101214285714285
1816-08-01,17.520357142857144
1816-09-01,14.928428571428572
1816-10-01,9.959714285714284
1816-11-01,7.424642857142857
1816-12-01,4.635428571428571
1817-01-01,4.762357142857143
1817-02-01,7.779142857142857
1817-03-01,10.365142857142857
1817-04-01,14.519571428571428
1817-05-01,15.471857142857143
1817-06-01,16.676928571428572
1817-07-01,17.3005
1817-08-01,18.278357142857143
1817-09-01,13.693285714285713
1817-10-01,10.882857142857143
1817-11-01,8.5725
1817-12-01,3.4493571428571426
1818-01-01,4.611642857142857
1818-02-01,5.473714285714286
1818-03-01,11.31607142857143
1818-04-01,15.760642857142857
1818-05-01,17.313285714285715
1818-06-01,19.08642857142857
1818-07-01,18.19664285714286
1818-08-01,18.19557142857143
1818-09-01,14.911928571428572
1818-10-01,11.191714285714285
1818-11-01,8.648642857142857
1818-12-01,5.195571428571428
1819-01-01,3.6015000000000006
1819-02-01,6.1334285714285715
1819-03-01,8.955214285714286
1819-04-01,12.899000000000001
1819-05-01,15.816357142857141
1819-06-01,17.749642857142856
1819-07-01,17.88607142857143
1819-08-01,17.074
1819-09-01,15.689785714285716
1819-10-01,13.0415
1819-11-01,8.617571428571429
1819-12-01,4.551785714285714
1820-01-01,
1820-02-01,5.646357142857142
1820-03-01,10.249285714285714
1820-04-01,14.949642857142859
1820-05-01,17.467142857142857
1820-06-01,18.489642857142858
1820-07-01,18.14407142857143
1820-08-01,19.241152173913044
1820-09-01,15.527644927536233
1820-10-01,7.4427246376811595
1820-11-01,-0.7263478260869566
1820-12-01,-7.97327536231884
1821-01-01,-7.10872463768116
1821-02-01,-3.427949275362319
1821-03-01,2.701007246376812
1821-04-01,9.46854347826087
1821-05-01,16.09507971014493
1821-06-01,19.606333333333332
1821-07-01,21.515463768115943
1821-08-01,20.680108695652173
1821-09-01,14.306797101449275
1821-10-01,8.258065217391305
1821-11-01,0.9858478260869565
1821-12-01,-6.459253623188405
1822-01-01,-8.169913043478262
1822-02-01,-3.4771014492753625
1822-03-01,5.218282608695652
1822-04-01,10.051623188405797
1822-05-01,15.52644927536232
1822-06-01,20.28290579710145
1822-07-01,22.72153623188406
1822-08-01,20.625
1822-09-01,15.030666666666667
1822-10-01,7.793376811594204
1822-11-01,-0.4640797101449276
1822-12-01,-8.176615942028986
1823-01-01,-9.016202898550725
1823-02-01,-5.772521739130435
1823-03-01,2.0143478260869565
1823-04-01,9.307601449275364
1823-05-01,15.370702898550725
1823-06-01,21.133615942028985
1823-07-01,22.64676086956522
1823-08-01,20.347782608695653
1823-09-01,14.362753623188405
1823-10-01,7.282108695652174
1823-11-01,-0.20798550724637668
1823-12-01,-11.81520430107527
1824-01-01,-13.116354838709677
1824-02-01,-9.355365591397849
1824-03-01,-0.9673763440860215
1824-04-01,7.983838709677419
1824-05-01,15.126774193548387
1824-06-01,20.28615053763441
1824-07-01,23.027032258064516
1824-08-01,20.45231182795699
1824-09-01,14.632774193548387
1824-10-01,6.1473118279569885
1824-11-01,-2.232903225806452
1824-12-01,-8.207451612903226
1825-01-01,-12.010924731182797
1825-02-01,-9.57478494623656
1825-03-01,-1.2744408602150537
1825-04-01,8.321849462365591
1825-05-01,15.001612903225807
1825-06-01,20.988387096774193
1825-07-01,21.917182795698924
1825-08-01,20.00283870967742
1825-09-01,14.253655913978493
1825-10-01,5.922838709677419
1825-11-01,-1.5995806451612902
1825-12-01,-11.043193548387098
1826-01-01,-13.845322580645162
1826-02-01,-11.270215053763442
1826-03-01,-1.569247311827957
1826-04-01,7.777150537634409
1826-05-01,15.700634408602149
1826-06-01,20.440763440860216
1826-07-01,22.83767741935484
1826-08-01,20.013913978494625
1826-09-01,14.281387096774194
1826-10-01,6.441537634408602
1826-11-01,-1.8433440860215056
1826-12-01,-9.064935483870968
1827-01-01,-11.883129032258065
1827-02-01,-8.331075268817205
1827-03-01,0.23044086021505392
1827-04-01,8.559430107526882
1827-05-01,15.688924731182794
1827-06-01,20.924505376344086
1827-07-01,23.24211827956989
1827-08-01,20.633870967741935
1827-09-01,14.226107526881721
1827-10-01,6.4586881720430105
1827-11-01,-1.8487659574468085
1827-12-01,-11.183787234042553
1828-01-01,-15.528925531914894
1828-02-01,-10.766117021276596
1828-03-01,-0.5776808510638297
1828-04-01,7.736734042553192
1828-05-01,14.682148936170213
1828-06-01,20.728893617021278
1828-07-01,23.17054255319149
1828-08-01,20.69695744680851
1828-09-01,13.514829787234042
1828-10-01,6.724946808510638
1828-11-01,-2.251968085106383
1828-12-01,-10.359957446808512
1829-01-01,-13.475978723404255
1829-02-01,-10.678872340425531
1829-03-01,-1.2840531914893616
1829-04-01,6.886138297872341
1829-05-01,14.041846846846846
1829-06-01,19.21101801801802
1829-07-01,22.87318918918919
1829-08-01,20.40443243243243
1829-09-01,13.574747747747749
1829-10-01,6.259153153153153
1829-11-01,-3.7146396396396395
1829-12-01,-11.851009009009008
1830-01-01,-13.628585585585585
1830-02-01,-9.50264864864865
1830-03-01,-3.1256306306306305
1830-04-01,7.01981981981982
1830-05-01,13.351675675675676
1830-06-01,19.046891891891892
1830-07-01,23.295468468468467
1830-08-01,20.19025225225225
1830-09-01,13.339018018018018
1830-10-01,4.75127927927928
1830-11-01,-1.5720360360360361
1830-12-01,-10.690576576576577
1831-01-01,-15.119765765765766
1831-02-01,-12.970378378378378
1831-03-01,-3.693018018018018
1831-04-01,5.845711711711712
1831-05-01,13.650018018018018
1831-06-01,19.929441441441444
1831-07-01,21.88955855855856
1831-08-01,19.452009009009007
1831-09-01,12.98917117117117
1831-10-01,5.21490990990991
1831-11-01,-5.833256637168142
1831-12-01,-12.55399115044248
1832-01-01,-15.579245614035088
1832-02-01,-11.754567567567568
1832-03-01,-2.630954954954955
1832-04-01,7.142612612612613
1832-05-01,13.482189189189189
1832-06-01,19.247636363636367
1832-07-01,21.705482456140352
1832-08-01,19.076585585585587
1832-09-01,13.06390990990991
1832-10-01,3.664513513513514
1832-11-01,-4.5557477477477475
1832-12-01,-14.602354545454546
1833-01-01,-10.799774834437086
1833-02-01,-7.332814569536424
1833-03-01,-0.663615894039735
1833-04-01,7.793602649006623
1833-05-01,14.815490066225166
1833-06-01,19.23985430463576
1833-07-01,21.929450331125828
1833-08-01,20.114125827814572
1833-09-01,15.122867549668873
1833-10-01,6.840476821192053
1833-11-01,0.4289205298013244
1833-12-01,-8.170397350993378
1834-01-01,-13.005662251655629
1834-02-01,-7.4205496688741714
1834-03-01,1.7658013245033115
1834-04-01,8.376350993377484
1834-05-01,15.440596026490068
1834-06-01,19.53403973509934
1834-07-01,22.3225761589404
1834-08-01,20.318642384105964
1834-09-01,15.74237748344371
1834-10-01,7.383211920529801
1834-11-01,0.35043708609271523
1834-12-01,-7.3429668874172185
1835-01-01,-9.715364238410595
1835-02-01,-6.2014900662251655
1835-03-01,-0.3537483443708609
1835-04-01,8.480430463576159
1835-05-01,13.910589403973509
1835-06-01,18.584695364238414
1835-07-01,20.981450331125828
1835-08-01,19.173735099337748
1835-09-01,13.705311258278146
1835-10-01,6.524675496688742
1835-11-01,-2.32182119205298
1835-12-01,-9.46041059602649
1836-01-01,-10.648139072847684
1836-02-01,-7.5818476821192045
1836-03-01,1.0969470198675497
1836-04-01,7.725390728476822
1836-05-01,13.327436363636364
1836-06-01,19.281980132450332
1836-07-01,21.94841721854305
1836-08-01,20.07582781456954
1836-09-01,14.715298013245034
1836-10-01,8.30030463576159
1836-11-01,-2.6430066225165563
1836-12-01,-7.617264900662251
1837-01-01,-15.305936363636365
1837-02-01,-11.065756756756757
1837-03-01,-4.164018018018018
1837-04-01,4.814711711711712
1837-05-01,13.050587719298246
1837-06-01,18.523473684210526
1837-07-01,22.205556962025316
1837-08-01,20.626962025316455
1837-09-01,14.802189873417722
1837-10-01,7.130145695364239
1837-11-01,-2.4250000000000003
1837-12-01,-7.345397350993378
1838-01-01,-20.36695294117647
1838-02-01,-14.288011764705882
1838-03-01,-5.036305882352941
1838-04-01,8.076911290322581
1838-05-01,12.23564705882353
1838-06-01,19.181824
1838-07-01,22.494336
1838-08-01,20.707712
1838-09-01,14.557928
1838-10-01,7.48992
1838-11-01,-1.895936
1838-12-01,-13.864376470588235
1839-01-01,-13.714043795620439
1839-02-01,-9.799189781021898
1839-03-01,-3.83485401459854
1839-04-01,6.582773722627738
1839-05-01,13.730124087591241
1839-06-01,19.47157664233577
1839-07-01,22.319109489051094
1839-08-01,21.134102189781025
1839-09-01,15.199890510948906
1839-10-01,5.40592700729927
1839-11-01,-4.199065693430657
1839-12-01,-13.187372262773723
1840-01-01,-4.934218487394959
1840-02-01,-2.7977605042016807
1840-03-01,2.577819327731093
1840-04-01,12.099342007434943
1840-05-01,18.015910780669145
1840-06-01,22.241312267657996
1840-07-01,25.076416356877324
1840-08-01,22.984617100371747
1840-09-01,18.10489219330855
1840-10-01,10.81253488372093
1840-11-01,3.073689075630252
1840-12-01,-2.5196914498141263
1841-01-01,-3.3664894736842106
1841-02-01,-0.14015000000000008
1841-03-01,4.340252631578948
1841-04-01,12.032768421052632
1841-05-01,18.135097368421054
1841-06-01,21.765715789473685
1841-07-01,25.14126052631579
1841-08-01,23.849715789473684
1841-09-01,19.00210789473684
1841-10-01,13.115692105263157
1841-11-01,6.088071052631579
1841-12-01,-0.21230000000000002
1842-01-01,-1.807528947368421
1842-02-01,0.8164447368421051
1842-03-01,7.314557894736843
1842-04-01,13.51472894736842
1842-05-01,17.95121315789474
1842-06-01,22.28107894736842
1842-07-01,24.01857368421053
1842-08-01,23.594347368421055
1842-09-01,19.412697368421053
1842-10-01,12.68871052631579
1842-11-01,5.976263157894737
1842-12-01,1.6513894736842103
1843-01-01,-1.0908447368421053
1843-02-01,2.3099184210526316
1843-03-01,6.472413157894737
1843-04-01,13.239823684210526
1843-05-01,17.472689473684213
1843-06-01,21.906086842105264
1843-07-01,24.752952631578946
1843-08-01,24.07865263157895
1843-09-01,19.569047368421053
1843-10-01,12.657792105263159
1843-11-01,6.2727078947368415
1843-12-01,1.6828736842105263
1844-01-01,-1.3996210526315789
1844-02-01,0.8544868421052632
1844-03-01,7.058097368421053
1844-04-01,12.331889473684212
1844-05-01,17.538826315789475
1844-06-01,22.070894736842106
1844-07-01,24.46269210526316
1844-08-01,24.049431578947367
1844-09-01,19.19356052631579
1844-10-01,13.839715789473683
1844-11-01,6.983013157894737
1844-12-01,-0.45472894736842107
1845-01-01,-0.8182578947368421
1845-02-01,0.4660131578947368
1845-03-01,6.629013157894737
1845-04-01,12.873436842105264
1845-05-01,18.73217368421053
1845-06-01,23.393965789473686
1845-07-01,25.084078947368422
1845-08-01,23.568905263157898
1845-09-01,19.351713157894736
1845-10-01,12.726755263157896
1845-11-01,6.146092105263158
1845-12-01,-1.9754315789473684
1846-01-01,-1.2342894736842107
1846-02-01,1.8193657894736843
1846-03-01,7.086294736842105
1846-04-01,12.36225
1846-05-01,17.374042105263158
1846-06-01,23.233555263157896
1846-07-01,25.812976315789474
1846-08-01,24.744163157894736
1846-09-01,20.341634210526315
1846-10-01,13.447123684210526
1846-11-01,5.984252631578948
1846-12-01,1.813321052631579
1847-01-01,-0.9125921052631581
1847-02-01,0.6327921052631579
1847-03-01,6.119763157894737
1847-04-01,13.515231578947366
1847-05-01,17.951913157894737
1847-06-01,21.969844736842102
1847-07-01,25.43582105263158
1847-08-01,23.69402894736842
1847-09-01,19.76511052631579
1847-10-01,13.249857894736842
1847-11-01,8.162523684210527
1847-12-01,0.14858421052631585
1848-01-01,-3.3145552631578954
1848-02-01,1.3526578947368422
1848-03-01,6.583328947368421
1848-04-01,12.349542105263158
1848-05-01,18.53195789473684
1848-06-01,22.26079210526316
1848-07-01,25.05830789473684
1848-08-01,23.234497368421053
1848-09-01,19.383447368421052
1848-10-01,13.254818421052631
1848-11-01,5.768423684210527
1848-12-01,1.2684552631578947
1849-01-01,-0.784378947368421
1849-02-01,2.310873684210526
1849-03-01,7.278807894736842
1849-04-01,11.763828947368422
1849-05-01,17.549447368421053
1849-06-01,22.279010526315787
1849-07-01,24.34806052631579
1849-08-01,24.328439473684213
1849-09-01,19.735328947368423
1849-10-01,13.140092105263157
1849-11-01,6.311886842105262
1849-12-01,-0.31775263157894734
1850-01-01,-2.348221052631579
1850-02-01,0.7809763157894737
1850-03-01,7.008357894736842
1850-04-01,11.281436842105263
1850-05-01,18.205686842105262
1850-06-01,22.302376315789473
1850-07-01,24.907823684210527
1850-08-01,23.897818421052634
1850-09-01,19.55516052631579
1850-10-01,13.386581578947368
1850-11-01,5.112147368421053
1850-12-01,0.06101876675603212
1851-01-01,-1.0932026315789474
1851-02-01,0.7712526315789473
1851-03-01,4.698879356568365
1851-04-01,11.062223684210528
1851-05-01,17.77036315789474
1851-06-01,23.02672894736842
1851-07-01,25.313926315789473
1851-08-01,23.88434736842105
1851-09-01,19.066663157894737
1851-10-01,12.536973684210526
1851-11-01,5.613449999999999
1851-12-01,-0.1870842105263158
1852-01-01,-2.0449210526315795
1852-02-01,-1.067984210526316
1852-03-01,4.359365789473684
1852-04-01,11.839368421052631
1852-05-01,18.42627368421053
1852-06-01,23.319878947368423
1852-07-01,25.904586842105264
1852-08-01,23.67309210526316
1852-09-01,19.14256052631579
1852-10-01,14.045807894736843
1852-11-01,5.6423578947368425
1852-12-01,0.5502657894736843
1853-01-01,-2.9256052631578946
1853-02-01,-0.9760815789473685
1853-03-01,6.301636842105263
1853-04-01,12.20686052631579
1853-05-01,18.475763157894736
1853-06-01,23.238013157894738
1853-07-01,26.40298947368421
1853-08-01,24.316636842105265
1853-09-01,20.510965789473683
1853-10-01,12.972718421052631
1853-11-01,6.8659763157894735
1853-12-01,0.03383157894736831
1854-01-01,-1.2713605263157894
1854-02-01,-1.4048131578947367
1854-03-01,6.767792105263158
1854-04-01,12.820218421052632
1854-05-01,19.43847894736842
1854-06-01,23.031905263157896
1854-07-01,26.337342105263158
1854-08-01,24.648265789473687
1854-09-01,19.81495263157895
1854-10-01,13.993036842105264
1854-11-01,6.872947368421054
1854-12-01,0.8945421052631579
1855-01-01,-1.9653026315789475
1855-02-01,1.2068131578947368
1855-03-01,6.773094986807388
1855-04-01,14.346968421052631
1855-05-01,18.98894736842105
1855-06-01,22.84392105263158
1855-07-01,25.400973684210527
1855-08-01,24.09507105263158
1855-09-01,19.706473684210525
1855-10-01,13.108749999999999
1855-11-01,6.0596184210526305
1855-12-01,0.9397842105263158
1856-01-01,-2.7158469656992086
1856-02-01,-1.4264934036939314
1856-03-01,6.623332453825857
1856-04-01,13.034039577836412
1856-05-01,18.259767810026386
1856-06-01,23.115382585751977
1856-07-01,25.52372031662269
1856-08-01,24.165416886543532
1856-09-01,19.655063324538258
1856-10-01,12.95159210526316
1856-11-01,6.470563157894737
1856-12-01,0.8156552631578947
1857-01-01,-2.5518394736842107
1857-02-01,1.2494763157894735
1857-03-01,6.695915789473684
1857-04-01,13.190026315789474
1857-05-01,17.532894736842106
1857-06-01,22.356184210526315
1857-07-01,25.228436842105264
1857-08-01,23.63703157894737
1857-09-01,19.32426052631579
1857-10-01,13.473155263157894
1857-11-01,6.122725806451613
1857-12-01,0.9396451612903226
1858-01-01,-1.057592105263158
1858-02-01,1.1445342105263159
1858-03-01,6.263752631578948
1858-04-01,13.345055263157896
1858-05-01,18.09281052631579
1858-06-01,22.49051052631579
1858-07-01,25.08664210526316
1858-08-01,23.55835
1858-09-01,19.864623684210525
1858-10-01,13.69915
1858-11-01,6.731302631578948
1858-12-01,0.11199473684210515
1859-01-01,-1.7547157894736842
1859-02-01,0.21635
1859-03-01,6.170918421052631
1859-04-01,14.277618421052631
1859-05-01,19.389063157894736
1859-06-01,23.246128947368423
1859-07-01,24.82643947368421
1859-08-01,24.16173421052632
1859-09-01,19.561342105263158
1859-10-01,13.67108157894737
1859-11-01,6.535786842105264
1859-12-01,0.13823947368421058
1860-01-01,-2.6174394736842106
1860-02-01,0.6980710526315791
1860-03-01,4.216786842105263
1860-04-01,12.559071052631579
1860-05-01,17.149115789473683
1860-06-01,22.465094736842108
1860-07-01,24.472692105263157
1860-08-01,24.398021052631577
1860-09-01,20.583228947368422
1860-10-01,12.928444736842106
1860-11-01,4.859244736842105
1860-12-01,-0.21197368421052634
1861-01-01,-3.9006105263157895
1861-02-01,-1.2824078947368422
1861-03-01,6.01253947368421
1861-04-01,13.482344736842105
1861-05-01,17.636365789473686
1861-06-01,22.839107894736845
1861-07-01,25.363586842105263
1861-08-01,24.454728947368423
1861-09-01,19.008810526315788
1861-10-01,13.52076052631579
1861-11-01,6.959828947368421
1861-12-01,-0.6128526315789474
1862-01-01,-3.8961187335092347
1862-02-01,-0.7803984168865434
1862-03-01,5.259366754617414
1862-04-01,12.121911051212939
1862-05-01,18.785404312668465
1862-06-01,23.160954177897572
1862-07-01,25.161210242587604
1862-08-01,24.010935309973046
1862-09-01,19.40642587601078
1862-10-01,13.148991913746631
1862-11-01,4.693733153638814
1862-12-01,-1.840256064690027
1863-01-01,-0.6219394736842107
1863-02-01,2.2600342105263156
1863-03-01,6.670776315789474
1863-04-01,12.219821052631579
1863-05-01,17.87612894736842
1863-06-01,22.9583
1863-07-01,26.039715789473686
1863-08-01,23.931973684210526
1863-09-01,19.17002105263158
1863-10-01,12.524428947368422
1863-11-01,5.314478947368421
1863-12-01,0.5761578947368422
1864-01-01,-2.2628394736842106
1864-02-01,0.1457157894736843
1864-03-01,5.314105263157895
1864-04-01,12.681826315789474
1864-05-01,17.92322105263158
1864-06-01,22.283173684210524
1864-07-01,25.270144736842106
1864-08-01,23.509273684210523
1864-09-01,19.153852631578946
1864-10-01,13.760955263157896
1864-11-01,6.612655263157896
1864-12-01,-1.2602026315789472
1865-01-01,-0.6352000000000002
1865-02-01,0.1866368421052632
1865-03-01,5.637923684210526
1865-04-01,13.210544736842104
1865-05-01,18.821523684210526
1865-06-01,22.964657894736842
1865-07-01,25.2696525198939
1865-08-01,24.48155789473684
1865-09-01,20.36408947368421
1865-10-01,13.79951052631579
1865-11-01,5.737610526315789
1865-12-01,-0.7071526315789476
1866-01-01,-1.5254052631578947
1866-02-01,0.4994131578947369
1866-03-01,5.40446052631579
1866-04-01,12.288813157894737
1866-05-01,18.428928947368423
1866-06-01,22.278110526315793
1866-07-01,25.709884210526315
1866-08-01,24.877299999999998
1866-09-01,19.435492105263158
1866-10-01,13.750223684210527
1866-11-01,6.836205263157895
1866-12-01,1.5767842105263157
1867-01-01,-2.023965789473684
1867-02-01,0.28388421052631563
1867-03-01,6.892836842105263
1867-04-01,13.573081578947368
1867-05-01,18.292481578947367
1867-06-01,22.804068421052634
1867-07-01,25.47311821086262
1867-08-01,23.99548947368421
1867-09-01,19.65227105263158
1867-10-01,14.446194736842106
1867-11-01,7.600428947368421
1867-12-01,2.1902710526315787
1868-01-01,-0.9850605263157894
1868-02-01,1.2480473684210527
1868-03-01,5.894463157894737
1868-04-01,13.646707894736842
1868-05-01,18.035207894736843
1868-06-01,22.363644736842105
1868-07-01,25.688205263157894
1868-08-01,24.100126315789474
1868-09-01,19.94027105263158
1868-10-01,14.69113947368421
1868-11-01,6.450023684210526
1868-12-01,1.0381105263157895
1869-01-01,-1.049465789473684
1869-02-01,2.3090925925925925
1869-03-01,6.139968253968254
1869-04-01,12.313705263157894
1869-05-01,19.125986842105263
1869-06-01,23.018302631578948
1869-07-01,25.703839473684212
1869-08-01,24.693694736842104
1869-09-01,20.566792105263158
1869-10-01,14.691794736842104
1869-11-01,6.297926315789474
1869-12-01,-0.24056578947368415
1870-01-01,-2.335355263157895
1870-02-01,-0.01973421052631565
1870-03-01,6.632768421052632
1870-04-01,13.361468421052631
1870-05-01,19.15496052631579
1870-06-01,23.149302631578948
1870-07-01,25.659913157894735
1870-08-01,24.22637368421053
1870-09-01,20.401857894736843
1870-10-01,14.069031578947369
1870-11-01,5.924523684210526
1870-12-01,-0.47858421052631583
1871-01-01,-2.073692105263158
1871-02-01,0.23280789473684202
1871-03-01,7.102968421052632
1871-04-01,13.504847368421052
1871-05-01,18.87144736842105
1871-06-01,23.17165526315789
1871-07-01,25.713484210526314
1871-08-01,24.62567105263158
1871-09-01,20.347436842105264
1871-10-01,14.676605263157894
1871-11-01,6.109065789473685
1871-12-01,-0.9788578947368421
1872-01-01,-3.0908973684210532
1872-02-01,-0.8290763157894736
1872-03-01,6.311347368421052
1872-04-01,13.512739473684212
1872-05-01,19.05831052631579
1872-06-01,22.709242105263158
1872-07-01,25.932978947368422
1872-08-01,24.448357894736844
1872-09-01,20.23359210526316
1872-10-01,13.932228947368422
1872-11-01,6.792389473684211
1872-12-01,1.6946184210526316
1873-01-01,-3.1123842105263155
1873-02-01,0.973334210526316
1873-03-01,5.68065
1873-04-01,13.841492105263157
1873-05-01,18.621068421052634
1873-06-01,22.715294736842104
1873-07-01,25.300823684210528
1873-08-01,23.690802631578944
1873-09-01,20.07532105263158
1873-10-01,13.71802894736842
1873-11-01,7.248989473684211
1873-12-01,1.542136842105263
1874-01-01,-2.7142105263157896
1874-02-01,1.178521052631579
1874-03-01,5.689936842105263
1874-04-01,13.9367
1874-05-01,18.214328947368422
1874-06-01,23.805436842105266
1874-07-01,25.25958157894737
1874-08-01,24.621281578947368
1874-09-01,20.696036842105265
1874-10-01,14.354886842105262
1874-11-01,6.191052631578947
1874-12-01,1.0943605263157894
1875-01-01,-2.33105
1875-02-01,1.5296105263157893
1875-03-01,7.693276315789474
1875-04-01,12.249184210526318
1875-05-01,19.468768421052633
1875-06-01,23.258905263157896
1875-07-01,25.471123684210525
1875-08-01,24.889365789473686
1875-09-01,19.750097368421052
1875-10-01,13.614089473684212
1875-11-01,6.0712947368421055
1875-12-01,-0.762821052631579
1876-01-01,-2.8307000000000007
1876-02-01,1.0292236842105265
1876-03-01,6.402
1876-04-01,13.94723947368421
1876-05-01,18.98326842105263
1876-06-01,22.96867894736842
1876-07-01,25.485347368421053
1876-08-01,24.650581578947367
1876-09-01,19.560878947368423
1876-10-01,14.528452631578947
1876-11-01,6.118881578947369
1876-12-01,-0.025542105263157918
1877-01-01,-1.9750394736842105
1877-02-01,-0.6237236842105263
1877-03-01,6.583818421052632
1877-04-01,13.647715789473683
1877-05-01,18.27473947368421
1877-06-01,23.106678947368422
1877-07-01,25.46070263157895
1877-08-01,24.121907894736843
1877-09-01,20.26587894736842
1877-10-01,13.226823684210526
1877-11-01,6.683023684210526
1877-12-01,-0.02619999999999998
1878-01-01,-3.9491605263157896
1878-02-01,0.01574473684210532
1878-03-01,7.818573684210526
1878-04-01,13.83131052631579
1878-05-01,18.585286842105262
1878-06-01,22.773060526315792
1878-07-01,25.896292105263157
1878-08-01,24.3493
1878-09-01,20.82542105263158
1878-10-01,13.992331578947368
1878-11-01,6.431897368421053
1878-12-01,-0.6348894736842104
1879-01-01,-2.0521447368421053
1879-02-01,1.1439131578947368
1879-03-01,5.4762078947368416
1879-04-01,12.051250000000001
1879-05-01,18.765955263157895
1879-06-01,23.24271052631579
1879-07-01,25.731965789473687
1879-08-01,25.022621052631578
1879-09-01,20.42826052631579
1879-10-01,13.826144736842107
1879-11-01,7.683497368421052
1879-12-01,1.18025
1880-01-01,-2.809923684210527
1880-02-01,0.11722631578947379
1880-03-01,6.92036052631579
1880-04-01,12.60235789473684
1880-05-01,19.051023684210527
1880-06-01,22.258257894736843
1880-07-01,24.426484210526315
1880-08-01,24.132336842105264
1880-09-01,20.224894736842106
1880-10-01,14.057726315789473
1880-11-01,6.2225868421052635
1880-12-01,-0.5626631578947368
1881-01-01,-2.096163157894737
1881-02-01,0.5120236842105265
1881-03-01,4.935544736842106
1881-04-01,12.862542105263158
1881-05-01,18.61215
1881-06-01,22.41673157894737
1881-07-01,25.541757894736843
1881-08-01,24.29651315789474
1881-09-01,20.26053157894737
1881-10-01,14.12137894736842
1881-11-01,7.225336842105263
1881-12-01,0.16496315789473676
1882-01-01,-0.48266842105263175
1882-02-01,0.6619842105263158
1882-03-01,6.207731578947369
1882-04-01,13.6104
1882-05-01,18.783292105263158
1882-06-01,22.857581578947368
1882-07-01,25.031544736842108
1882-08-01,23.681889473684212
1882-09-01,20.204436842105263
1882-10-01,14.56896052631579
1882-11-01,6.0529789473684215
1882-12-01,-0.9731947368421053
1883-01-01,-2.446921052631579
1883-02-01,-0.4053052631578947
1883-03-01,5.831160526315789
1883-04-01,12.555918421052631
1883-05-01,18.054931578947368
1883-06-01,23.363531578947367
1883-07-01,25.14785263157895
1883-08-01,24.124073684210526
1883-09-01,19.078397368421054
1883-10-01,14.438131578947369
1883-11-01,5.797110526315789
1883-12-01,0.37864736842105257
1884-01-01,-1.0123421052631578
1884-02-01,-0.39377368421052644
1884-03-01,5.155794736842105
1884-04-01,11.845284210526314
1884-05-01,17.535984210526316
1884-06-01,22.201855263157896
1884-07-01,24.59625263157895
1884-08-01,23.214763157894737
1884-09-01,20.233531578947368
1884-10-01,13.190957894736844
1884-11-01,5.284457894736843
1884-12-01,-1.2591631578947369
1885-01-01,-2.6052868421052633
1885-02-01,-1.4399763157894734
1885-03-01,5.732913157894737
1885-04-01,11.856652631578948
1885-05-01,18.459923684210526
1885-06-01,22.26447894736842
1885-07-01,24.469644736842106
1885-08-01,24.280886842105264
1885-09-01,19.55052105263158
1885-10-01,13.945152631578948
1885-11-01,5.359913157894737
1885-12-01,1.252963157894737
1886-01-01,-2.7103552631578953
1886-02-01,-1.8054815789473684
1886-03-01,6.0727052631578955
1886-04-01,13.267221052631578
1886-05-01,18.862768421052632
1886-06-01,22.482231578947367
1886-07-01,25.065052631578947
1886-08-01,24.148163157894736
1886-09-01,19.599902631578946
1886-10-01,14.186326315789474
1886-11-01,6.452871052631578
1886-12-01,0.5047947368421052
1887-01-01,-3.6162868421052634
1887-02-01,-0.18482368421052636
1887-03-01,5.844355263157895
1887-04-01,13.286142105263158
1887-05-01,18.252852631578946
1887-06-01,21.95236578947368
1887-07-01,25.507228947368418
1887-08-01,24.424378947368425
1887-09-01,20.308086842105265
1887-10-01,14.106673684210527
1887-11-01,7.196892105263157
1887-12-01,0.6088973684210527
1888-01-01,-1.336363157894737
1888-02-01,-1.973242105263158
1888-03-01,6.57522105263158
1888-04-01,12.656436842105263
1888-05-01,18.694186842105264
1888-06-01,22.11507368421053
1888-07-01,25.40809473684211
1888-08-01,24.695584210526317
1888-09-01,19.692213157894738
1888-10-01,13.336718421052632
1888-11-01,7.171089473684211
1888-12-01,1.748965789473684
1889-01-01,-3.9267157894736844
1889-02-01,0.17900000000000013
1889-03-01,6.478199999999999
1889-04-01,12.546047368421052
1889-05-01,18.433639473684213
1889-06-01,23.487976315789474
1889-07-01,25.52839210526316
1889-08-01,24.370957894736843
1889-09-01,19.335247368421054
1889-10-01,13.761278947368421
1889-11-01,6.117334210526316
1889-12-01,0.618371052631579
1890-01-01,-2.0209157894736847
1890-02-01,2.3398105263157896
1890-03-01,5.347373684210527
1890-04-01,13.117521052631579
1890-05-01,19.40711052631579
1890-06-01,22.72457105263158
1890-07-01,25.500671052631578
1890-08-01,24.14323157894737
1890-09-01,19.50431315789474
1890-10-01,13.819526315789474
1890-11-01,7.869713157894737
1890-12-01,2.225513157894737
1891-01-01,-1.113107894736842
1891-02-01,0.9323552631578947
1891-03-01,6.867544736842105
1891-04-01,11.926102631578948
1891-05-01,19.00247105263158
1891-06-01,22.17393947368421
1891-07-01,24.804765789473684
1891-08-01,24.19007894736842
1891-09-01,20.342952631578946
1891-10-01,15.13848157894737
1891-11-01,6.411584210526316
1891-12-01,0.8524315789473683
1892-01-01,-1.8844868421052632
1892-02-01,0.4432394736842106
1892-03-01,3.8657052631578948
1892-04-01,13.041934210526318
1892-05-01,18.07363157894737
1892-06-01,23.38959210526316
1892-07-01,25.122444736842105
1892-08-01,24.122752631578948
1892-09-01,19.363455263157896
1892-10-01,13.323847368421053
1892-11-01,6.3569578947368415
1892-12-01,-0.46318157894736833
1893-01-01,-3.898694736842105
1893-02-01,-1.5970736842105262
1893-03-01,6.6088000000000005
1893-04-01,13.391957894736843
1893-05-01,17.8509
1893-06-01,22.808644736842105
1893-07-01,25.068323684210526
1893-08-01,24.05801052631579
1893-09-01,20.173584210526318
1893-10-01,13.457952631578948
1893-11-01,6.06098947368421
1893-12-01,-0.10585526315789483
1894-01-01,-1.9936157894736843
1894-02-01,1.3388447368421053
1894-03-01,6.829905263157895
1894-04-01,14.088610526315788
1894-05-01,18.752355263157895
1894-06-01,23.247926315789474
1894-07-01,25.447642105263157
1894-08-01,24.50296052631579
1894-09-01,20.455728947368424
1894-10-01,14.019734210526316
1894-11-01,7.214873684210526
1894-12-01,0.1764105263157896
1895-01-01,-3.435131578947369
1895-02-01,-0.3557736842105263
1895-03-01,4.880034210526316
1895-04-01,14.168057894736842
1895-05-01,18.29571052631579
1895-06-01,22.592094736842107
1895-07-01,24.38762105263158
1895-08-01,23.93326842105263
1895-09-01,19.7417
1895-10-01,13.781500000000001
1895-11-01,6.330465789473684
1895-12-01,0.5778342105263158
1896-01-01,-1.1302131578947368
1896-02-01,-0.3663500000000001
1896-03-01,4.613384210526315
1896-04-01,12.865684210526316
1896-05-01,18.289347368421055
1896-06-01,23.22061315789474
1896-07-01,25.002126315789475
1896-08-01,24.444157894736843
1896-09-01,20.101436842105265
1896-10-01,13.701102631578946
1896-11-01,7.820571052631579
1896-12-01,0.16084736842105266
1897-01-01,-1.4002605263157897
1897-02-01,-1.1547842105263155
1897-03-01,5.442268421052631
1897-04-01,12.628449999999999
1897-05-01,18.733489473684212
1897-06-01,23.21227368421053
1897-07-01,25.377865789473685
1897-08-01,24.808071052631583
1897-09-01,20.54501052631579
1897-10-01,14.726326315789473
1897-11-01,7.356823684210526
1897-12-01,-0.9348605263157896
1898-01-01,-0.3451
1898-02-01,2.490521052631579
1898-03-01,4.655752631578947
1898-04-01,12.721663157894737
1898-05-01,19.366671052631578
1898-06-01,23.443513157894735
1898-07-01,25.56856052631579
1898-08-01,24.601871052631576
1898-09-01,20.333123684210527
1898-10-01,14.354923684210526
1898-11-01,7.576952631578948
1898-12-01,0.8549026315789475
1899-01-01,-1.4406184210526318
1899-02-01,1.6068710526315788
1899-03-01,7.017997368421052
1899-04-01,13.161726315789474
1899-05-01,19.030644736842106
1899-06-01,23.20074736842105
1899-07-01,25.69176842105263
1899-08-01,24.189094736842105
1899-09-01,20.149936842105266
1899-10-01,13.29921052631579
1899-11-01,6.60866052631579
1899-12-01,1.474055263157895
1900-01-01,-3.7163657894736843
1900-02-01,0.3222157894736843
1900-03-01,6.155297368421053
1900-04-01,13.371752631578946
1900-05-01,18.852002631578948
1900-06-01,22.355755263157896
1900-07-01,25.416444736842106
1900-08-01,25.06826052631579
1900-09-01,20.573365789473684
1900-10-01,14.416852631578948
1900-11-01,7.415144736842105
1900-12-01,0.770528947368421
1901-01-01,-0.5909447368421052
1901-02-01,-1.2166447368421052
1901-03-01,6.723465789473684
1901-04-01,13.923555263157894
1901-05-01,18.664044736842108
1901-06-01,22.733776315789477
1901-07-01,24.692618421052632
1901-08-01,24.275815789473683
1901-09-01,20.616428947368423
1901-10-01,13.89671052631579
1901-11-01,7.090071052631578
1901-12-01,-0.5510552631578949
1902-01-01,-0.3003131578947369
1902-02-01,0.9146500000000001
1902-03-01,8.067726315789473
1902-04-01,12.959076315789472
1902-05-01,18.413876315789473
1902-06-01,22.783178947368423
1902-07-01,24.995931578947367
1902-08-01,23.598176315789477
1902-09-01,20.219223684210526
1902-10-01,15.000710526315789
1902-11-01,8.59142894736842
1902-12-01,1.5902263157894738
1903-01-01,-1.3860763157894738
1903-02-01,0.7735500000000001
1903-03-01,7.310828947368422
1903-04-01,13.664757894736843
1903-05-01,18.51800789473684
1903-06-01,22.63690789473684
1903-07-01,25.11044473684211
1903-08-01,24.358736842105262
1903-09-01,20.051163157894738
1903-10-01,13.48255
1903-11-01,5.998318421052631
1903-12-01,0.1383631578947368
1904-01-01,-2.135921052631579
1904-02-01,2.0160552631578947
1904-03-01,6.03508947368421
1904-04-01,12.703507894736841
1904-05-01,18.22287894736842
1904-06-01,23.499313157894736
1904-07-01,24.846905263157897
1904-08-01,24.50741842105263
1904-09-01,20.08225263157895
1904-10-01,13.587376315789475
1904-11-01,6.546152631578948
1904-12-01,0.08220263157894747
1905-01-01,1.1638631578947367
1905-02-01,-1.3518157894736844
1905-03-01,4.7831052631578945
1905-04-01,10.983047368421053
1905-05-01,18.052694736842106
1905-06-01,22.986086842105262
1905-07-01,25.073613157894737
1905-08-01,23.854028947368423
1905-09-01,19.647668421052632
1905-10-01,13.43353947368421
1905-11-01,6.4860842105263155
1905-12-01,1.436534210526316
1906-01-01,-2.166042105263158
1906-02-01,-0.6927289473684212
1906-03-01,6.1672
1906-04-01,13.292981578947368
1906-05-01,18.602497368421055
1906-06-01,23.125021052631578
1906-07-01,25.390234210526316
1906-08-01,24.24553947368421
1906-09-01,19.841947368421053
1906-10-01,13.725602631578948
1906-11-01,4.935939473684211
1906-12-01,1.398342105263158
1907-01-01,0.3120157894736842
1907-02-01,-1.0882763157894737
1907-03-01,5.720134210526315
1907-04-01,13.058100000000001
1907-05-01,19.021836842105262
1907-06-01,22.634894736842107
1907-07-01,24.289802631578947
1907-08-01,24.918423684210527
1907-09-01,20.047484210526317
1907-10-01,14.761668421052631
1907-11-01,6.146815789473684
1907-12-01,0.41541315789473676
1908-01-01,-1.9265605263157897
1908-02-01,-0.5965131578947369
1908-03-01,5.196676315789474
1908-04-01,12.045923684210527
1908-05-01,18.421263157894735
1908-06-01,22.97641842105263
1908-07-01,24.787228947368423
1908-08-01,24.85151315789474
1908-09-01,19.863531578947367
1908-10-01,14.359771052631578
1908-11-01,6.423626315789474
1908-12-01,2.0386
1909-01-01,-2.020776315789474
1909-02-01,1.0859447368421054
1909-03-01,4.73203947368421
1909-04-01,13.120939473684212
1909-05-01,18.40908157894737
1909-06-01,21.89699210526316
1909-07-01,25.064036842105264
1909-08-01,24.770265789473687
1909-09-01,20.582623684210525
1909-10-01,13.862302631578947
1909-11-01,7.738121052631579
1909-12-01,0.004971052631579072
1910-01-01,-2.044842105263158
1910-02-01,0.10817368421052616
1910-03-01,5.358510526315789
1910-04-01,12.127918421052632
1910-05-01,18.464181578947368
1910-06-01,22.49371315789474
1910-07-01,25.342784210526315
1910-08-01,24.414063157894738
1910-09-01,19.28399736842105
1910-10-01,14.330860526315789
1910-11-01,6.551868421052632
1910-12-01,-1.51865
1911-01-01,-1.9966657894736843
1911-02-01,0.1851105263157894
1911-03-01,5.793194736842104
1911-04-01,12.788731578947369
1911-05-01,18.029739473684213
1911-06-01,22.248671052631583
1911-07-01,24.480965789473682
1911-08-01,24.16077368421053
1911-09-01,20.82128157894737
1911-10-01,13.407365789473683
1911-11-01,7.226465789473684
1911-12-01,-0.13086842105263172
1912-01-01,-1.6875368421052632
1912-02-01,2.7838526315789474
1912-03-01,5.731613157894737
1912-04-01,13.326394736842104
1912-05-01,18.770660526315787
1912-06-01,23.31127894736842
1912-07-01,25.066365789473686
1912-08-01,24.18186315789474
1912-09-01,18.613265789473683
1912-10-01,12.647065789473684
1912-11-01,4.691355263157894
1912-12-01,-1.2702842105263157
1913-01-01,-1.9614684210526316
1913-02-01,0.7701868421052631
1913-03-01,5.293952631578947
1913-04-01,12.5641
1913-05-01,18.359128947368422
1913-06-01,22.489597368421055
1913-07-01,24.40377894736842
1913-08-01,24.58897105263158
1913-09-01,19.97641052631579
1913-10-01,14.1227
1913-11-01,6.944431578947368
1913-12-01,-0.3994868421052632
1914-01-01,0.9864999999999998
1914-02-01,2.450647368421053
1914-03-01,7.367818421052632
1914-04-01,13.219189473684212
1914-05-01,18.937057894736842
1914-06-01,23.430057894736844
1914-07-01,25.826047368421055
1914-08-01,24.392355263157892
1914-09-01,19.80368684210526
1914-10-01,14.738284210526315
1914-11-01,6.231305263157895
1914-12-01,0.22427105263157887
1915-01-01,-2.5916526315789477
1915-02-01,-0.06334473684210525
1915-03-01,5.45393947368421
1915-04-01,11.787647368421052
1915-05-01,18.28747894736842
1915-06-01,22.59233947368421
1915-07-01,24.997415789473685
1915-08-01,24.38340789473684
1915-09-01,19.468826315789475
1915-10-01,14.44158947368421
1915-11-01,7.696573684210526
1915-12-01,2.525107894736842
1916-01-01,-0.5991552631578947
1916-02-01,0.7358131578947369
1916-03-01,4.58273947368421
1916-04-01,12.44886842105263
1916-05-01,18.692805263157897
1916-06-01,22.59281315789474
1916-07-01,24.880510526315792
1916-08-01,24.650981578947366
1916-09-01,19.726823684210526
1916-10-01,13.538444736842106
1916-11-01,6.8698999999999995
1916-12-01,-0.4518657894736842
1917-01-01,-3.74845
1917-02-01,0.4457789473684211
1917-03-01,5.5976026315789476
1917-04-01,12.836594736842105
1917-05-01,17.984165789473685
1917-06-01,23.2901
1917-07-01,25.160750000000004
1917-08-01,24.706826315789478
1917-09-01,20.205505263157896
1917-10-01,13.923292105263156
1917-11-01,5.9396815789473685
1917-12-01,-1.5804342105263156
1918-01-01,-2.639263157894737
1918-02-01,1.0980552631578946
1918-03-01,6.894794736842105
1918-04-01,13.026989473684212
1918-05-01,18.08777368421053
1918-06-01,22.218560526315787
1918-07-01,24.66967105263158
1918-08-01,23.91683947368421
1918-09-01,19.933313157894737
1918-10-01,14.298413157894737
1918-11-01,5.961173684210527
1918-12-01,-0.3684105263157894
1919-01-01,-2.760813157894737
1919-02-01,1.364892105263158
1919-03-01,7.660284210526315
1919-04-01,13.843092105263159
1919-05-01,19.25080263157895
1919-06-01,23.117384210526314
1919-07-01,25.61923157894737
1919-08-01,25.460484210526317
1919-09-01,19.876936842105263
1919-10-01,13.78138947368421
1919-11-01,6.657402631578948
1919-12-01,-0.016505263157894617
1920-01-01,-0.68545
1920-02-01,-1.7812894736842104
1920-03-01,6.476365789473683
1920-04-01,13.397918421052632
1920-05-01,19.516071052631577
1920-06-01,22.734581578947367
1920-07-01,26.108605263157894
1920-08-01,24.69895263157895
1920-09-01,19.978236842105265
1920-10-01,14.960510526315788
1920-11-01,7.960447368421052
1920-12-01,0.9475447368421053
1921-01-01,-1.3942026315789475
1921-02-01,1.8828578947368422
1921-03-01,6.071218421052632
1921-04-01,12.923002631578948
1921-05-01,18.666273684210527
1921-06-01,22.240450000000003
1921-07-01,25.397276315789473
1921-08-01,24.45921052631579
1921-09-01,19.549176315789474
1921-10-01,13.764407894736843
1921-11-01,6.632728947368421
1921-12-01,1.259713157894737
1922-01-01,-3.477763157894737
1922-02-01,2.497126315789474
1922-03-01,6.521373684210526
1922-04-01,13.96475
1922-05-01,18.531994736842105
1922-06-01,23.518323684210525
1922-07-01,25.70647894736842
1922-08-01,24.825826315789474
1922-09-01,20.038663157894735
1922-10-01,14.631134210526316
1922-11-01,5.756984210526316
1922-12-01,0.5458763157894737
1923-01-01,-1.9496815789473685
1923-02-01,-0.09626842105263149
1923-03-01,8.173481578947367
1923-04-01,12.742057894736842
1923-05-01,19.170423684210526
1923-06-01,22.55805789473684
1923-07-01,24.989139473684208
1923-08-01,25.00835789473684
1923-09-01,19.83600789473684
1923-10-01,13.775605263157896
1923-11-01,7.198413157894737
1923-12-01,0.8903210526315791
1924-01-01,-0.7525894736842108
1924-02-01,0.15788421052631588
1924-03-01,5.059242105263158
1924-04-01,13.443507894736843
1924-05-01,19.011497368421054
1924-06-01,23.131855263157895
1924-07-01,25.31333947368421
1924-08-01,25.239005263157896
1924-09-01,20.703955263157898
1924-10-01,13.88083947368421
1924-11-01,6.425263157894737
1924-12-01,0.8798315789473683
1925-01-01,-2.398531578947369
1925-02-01,-0.5307157894736841
1925-03-01,6.241931578947369
1925-04-01,12.113355263157894
1925-05-01,18.980805263157894
1925-06-01,23.471236842105263
1925-07-01,25.515397368421056
1925-08-01,24.373107894736844
1925-09-01,20.53126052631579
1925-10-01,14.654923684210527
1925-11-01,8.547355263157895
1925-12-01,0.8780078947368422
1926-01-01,-0.7690447368421053
1926-02-01,1.162844736842105
1926-03-01,7.076894736842106
1926-04-01,13.136789473684212
1926-05-01,19.833886842105265
1926-06-01,22.366518421052632
1926-07-01,25.21758157894737
1926-08-01,25.27861052631579
1926-09-01,21.058157894736844
1926-10-01,13.034444736842104
1926-11-01,7.448378947368421
1926-12-01,-0.4494236842105264
1927-01-01,-1.4069710526315788
1927-02-01,-0.030347368421052633
1927-03-01,5.427363157894737
1927-04-01,13.083105263157895
1927-05-01,18.414426315789473
1927-06-01,23.054884210526314
1927-07-01,26.166436842105266
1927-08-01,25.03627894736842
1927-09-01,20.36483157894737
1927-10-01,14.217976315789475
1927-11-01,8.728997368421052
1927-12-01,1.3707947368421052
1928-01-01,-1.1356684210526315
1928-02-01,0.6623026315789474
1928-03-01,7.325881578947368
1928-04-01,14.334126315789474
1928-05-01,19.888694736842105
1928-06-01,22.893584210526317
1928-07-01,25.979355263157895
1928-08-01,24.37665
1928-09-01,20.332713157894737
1928-10-01,13.69093157894737
1928-11-01,6.7790605263157895
1928-12-01,0.39282105263157907
1929-01-01,-1.7101789473684212
1929-02-01,0.29013157894736846
1929-03-01,7.3105710526315795
1929-04-01,13.541723684210526
1929-05-01,19.549076315789474
1929-06-01,23.677744736842104
1929-07-01,25.563481578947368
1929-08-01,24.667068421052633
1929-09-01,19.96550263157895
1929-10-01,13.889594736842106
1929-11-01,6.588134210526316
1929-12-01,-0.5928736842105263
1930-01-01,-4.23443947368421
1930-02-01,2.0859026315789473
1930-03-01,7.456789473684211
1930-04-01,13.739434210526316
1930-05-01,19.49212105263158
1930-06-01,22.622131578947368
1930-07-01,26.36940789473684
1930-08-01,24.698889473684208
1930-09-01,19.760194736842106
1930-10-01,14.188934210526316
1930-11-01,6.0455
1930-12-01,1.0260631578947368
1931-01-01,-2.0477526315789474
1931-02-01,-1.1834263157894738
1931-03-01,7.396428947368421
1931-04-01,12.596923684210527
1931-05-01,18.230331578947368
1931-06-01,23.04089473684211
1931-07-01,24.163489473684212
1931-08-01,24.979947368421055
1931-09-01,20.35852894736842
1931-10-01,13.81262105263158
1931-11-01,7.7673657894736845
1931-12-01,0.6944315789473685
1932-01-01,0.5726421052631578
1932-02-01,-0.5925184210526317
1932-03-01,6.324389473684211
1932-04-01,13.451013157894737
1932-05-01,19.235042105263158
1932-06-01,23.08325
1932-07-01,25.923252631578947
1932-08-01,24.604168421052634
1932-09-01,20.093573684210526
1932-10-01,13.925084210526316
1932-11-01,7.8680973684210525
1932-12-01,1.2993605263157897
1933-01-01,-4.076452631578948
1933-02-01,0.4816842105263158
1933-03-01,5.245084210526316
1933-04-01,13.129207894736842
1933-05-01,19.554607894736844
1933-06-01,23.050860526315788
1933-07-01,26.206863157894738
1933-08-01,25.170078947368424
1933-09-01,20.95584210526316
1933-10-01,13.575894736842105
1933-11-01,7.113671052631579
1933-12-01,2.0990947368421056
1934-01-01,-3.678626315789474
1934-02-01,1.315513157894737
1934-03-01,5.540365789473684
1934-04-01,11.548547368421053
1934-05-01,19.972113157894736
1934-06-01,22.942776315789477
1934-07-01,25.885731578947368
1934-08-01,24.65358421052632
1934-09-01,20.417039473684213
1934-10-01,12.797723684210528
1934-11-01,6.612831578947369
1934-12-01,2.4767894736842107
1935-01-01,-1.0208684210526315
1935-02-01,2.854805263157895
1935-03-01,8.63187894736842
1935-04-01,12.981678947368422
1935-05-01,19.065265789473685
1935-06-01,22.950894736842105
1935-07-01,25.365660526315793
1935-08-01,25.09275263157895
1935-09-01,20.389752631578947
1935-10-01,15.941473684210527
1935-11-01,6.663023684210526
1935-12-01,-2.178878947368421
1936-01-01,-3.6307000000000005
1936-02-01,-0.6256105263157895
1936-03-01,3.7069105263157893
1936-04-01,12.687392105263157
1936-05-01,18.213315789473686
1936-06-01,23.361800000000002
1936-07-01,25.18775789473684
1936-08-01,24.237265789473685
1936-09-01,20.75887894736842
1936-10-01,14.796602631578947
1936-11-01,7.5928815789473685
1936-12-01,0.6142763157894737
1937-01-01,-1.4728657894736845
1937-02-01,1.3885447368421053
1937-03-01,6.051268421052631
1937-04-01,13.171205263157894
1937-05-01,19.25042105263158
1937-06-01,22.641181578947368
1937-07-01,25.557647368421055
1937-08-01,24.887731578947367
1937-09-01,20.438644736842107
1937-10-01,14.74395
1937-11-01,6.586039473684211
1937-12-01,0.36495789473684215
1938-01-01,-2.4229473684210525
1938-02-01,0.8868315789473684
1938-03-01,7.144494736842105
1938-04-01,15.125031578947368
1938-05-01,19.6927
1938-06-01,22.778339473684213
1938-07-01,25.676873684210523
1938-08-01,25.10797105263158
1938-09-01,20.046042105263158
1938-10-01,15.602607894736842
1938-11-01,7.441297368421053
1938-12-01,0.7875078947368422
1939-01-01,-1.3010868421052633
1939-02-01,1.787065789473684
1939-03-01,7.3698342105263155
1939-04-01,12.958002631578948
1939-05-01,19.346418421052633
1939-06-01,23.108302631578947
1939-07-01,25.91298157894737
1939-08-01,25.5179
1939-09-01,20.266350000000003
1939-10-01,14.656084210526316
1939-11-01,7.03
1939-12-01,1.3206684210526316
1940-01-01,-1.3394026315789473
1940-02-01,1.3504789473684211
1940-03-01,6.899831578947369
1940-04-01,13.182976315789473
1940-05-01,19.09387105263158
1940-06-01,23.03993157894737
1940-07-01,25.764768421052633
1940-08-01,23.575892105263158
1940-09-01,20.50426052631579
1940-10-01,15.261336842105264
1940-11-01,7.496547368421053
1940-12-01,2.537115789473684
1941-01-01,0.01500526315789488
1941-02-01,1.28995
1941-03-01,7.1022
1941-04-01,13.535007894736841
1941-05-01,19.235136842105263
1941-06-01,23.72480789473684
1941-07-01,25.333655263157898
1941-08-01,24.57552105263158
1941-09-01,20.235763157894738
1941-10-01,14.832526315789472
1941-11-01,7.846892105263158
1941-12-01,1.9386631578947369
1942-01-01,-0.8277131578947369
1942-02-01,-0.4927289473684211
1942-03-01,9.022107894736841
1942-04-01,13.69771052631579
1942-05-01,18.49191052631579
1942-06-01,23.749868421052632
1942-07-01,26.12696842105263
1942-08-01,24.807323684210523
1942-09-01,20.64241052631579
1942-10-01,14.67111842105263
1942-11-01,8.224602631578948
1942-12-01,0.6214
1943-01-01,-2.068802631578947
1943-02-01,1.4382552631578949
1943-03-01,7.888321052631579
1943-04-01,13.241597368421052
1943-05-01,19.89416052631579
1943-06-01,23.24787368421053
1943-07-01,25.610781578947368
1943-08-01,25.033039473684212
1943-09-01,20.56626052631579
1943-10-01,14.841847368421053
1943-11-01,7.442289473684211
1943-12-01,2.0223263157894737
1944-01-01,-0.5592763157894737
1944-02-01,0.9630394736842106
1944-03-01,7.5121
1944-04-01,13.157834210526316
1944-05-01,18.81060789473684
1944-06-01,23.396194736842105
1944-07-01,26.560576315789476
1944-08-01,24.59719736842105
1944-09-01,21.184636842105263
1944-10-01,14.121547368421053
1944-11-01,7.314407894736842
1944-12-01,-2.8696999999999995
1945-01-01,-2.9808736842105263
1945-02-01,-2.003265789473684
1945-03-01,6.156739473684211
1945-04-01,14.52593157894737
1945-05-01,18.562931578947367
1945-06-01,23.63186315789474
1945-07-01,25.32225
1945-08-01,24.949597368421053
1945-09-01,21.28849210526316
1945-10-01,14.342789473684212
1945-11-01,9.778547368421053
1945-12-01,1.013592105263158
1946-01-01,0.38215263157894735
1946-02-01,3.4639815789473687
1946-03-01,5.7136736842105265
1946-04-01,15.409307894736843
1946-05-01,18.785244736842106
1946-06-01,24.202918421052633
1946-07-01,25.63693157894737
1946-08-01,25.409478947368424
1946-09-01,20.995463157894736
1946-10-01,14.891315789473683
1946-11-01,8.700163157894737
1946-12-01,-0.35627631578947366
1947-01-01,-1.273042105263158
1947-02-01,-0.5806973684210526
1947-03-01,6.271368421052632
1947-04-01,13.885555263157896
1947-05-01,19.38861052631579
1947-06-01,22.569144736842105
1947-07-01,25.554165789473686
1947-08-01,24.851049999999997
1947-09-01,20.673776315789475
1947-10-01,13.30921052631579
1947-11-01,6.852547368421052
1947-12-01,-1.0421078947368423
1948-01-01,-1.0222210526315791
1948-02-01,2.0125210526315787
1948-03-01,7.319647368421053
1948-04-01,15.1303
1948-05-01,18.46530263157895
1948-06-01,23.545836842105263
1948-07-01,25.39623947368421
1948-08-01,25.297344736842106
1948-09-01,20.87815
1948-10-01,14.105663157894737
1948-11-01,6.412189473684211
1948-12-01,2.933289473684211
1949-01-01,-0.3605236842105264
1949-02-01,2.85191052631579
1949-03-01,6.517068421052631
1949-04-01,13.388444736842107
1949-05-01,20.064226315789472
1949-06-01,23.05744736842105
1949-07-01,25.57004210526316
1949-08-01,24.641386842105266
1949-09-01,21.055389473684208
1949-10-01,14.803236842105262
1949-11-01,7.297544736842105
1949-12-01,0.6265631578947368
1950-01-01,0.7561157894736841
1950-02-01,0.8205657894736843
1950-03-01,7.774171052631579
1950-04-01,13.688336842105263
1950-05-01,19.29028947368421
1950-06-01,22.591052631578947
1950-07-01,25.870244736842107
1950-08-01,24.916815789473684
1950-09-01,19.97551842105263
1950-10-01,14.312544736842105
1950-11-01,6.299005263157894
1950-12-01,-0.3342000000000001
1951-01-01,-2.3123868421052634
1951-02-01,0.7401526315789475
1951-03-01,5.382186842105263
1951-04-01,12.114157894736842
1951-05-01,19.90897894736842
1951-06-01,23.080476315789475
1951-07-01,25.212892105263155
1951-08-01,25.603160526315794
1951-09-01,19.828002631578947
1951-10-01,15.46365789473684
1951-11-01,7.602086842105264
1951-12-01,3.2767052631578943
1952-01-01,-0.07895000000000008
1952-02-01,-0.49333157894736845
1952-03-01,6.325705263157895
1952-04-01,14.318836842105265
1952-05-01,19.702734210526316
1952-06-01,23.811165789473684
1952-07-01,25.819394736842106
1952-08-01,24.04557105263158
1952-09-01,20.591594736842108
1952-10-01,13.871602631578947
1952-11-01,7.573878947368422
1952-12-01,-1.1480868421052632
1953-01-01,-1.819721052631579
1953-02-01,1.2642894736842105
1953-03-01,7.848242105263157
1953-04-01,12.518536842105263
1953-05-01,19.22305
1953-06-01,23.708242105263157
1953-07-01,26.322973684210524
1953-08-01,25.43296842105263
1953-09-01,20.16609210526316
1953-10-01,15.59974736842105
1953-11-01,7.074460526315789
1953-12-01,1.499792105263158
1954-01-01,-0.5055921052631581
1954-02-01,1.7892736842105263
1954-03-01,5.361223684210526
1954-04-01,13.519710526315789
1954-05-01,18.436257894736844
1954-06-01,22.26476052631579
1954-07-01,24.426934210526316
1954-08-01,24.69284210526316
1954-09-01,20.616934210526317
1954-10-01,13.705502631578948
1954-11-01,8.859326315789474
1954-12-01,-2.250918421052632
1955-01-01,-3.103984210526316
1955-02-01,2.184463157894737
1955-03-01,5.9692
1955-04-01,12.797407894736843
1955-05-01,19.12204210526316
1955-06-01,23.326976315789473
1955-07-01,25.338215789473686
1955-08-01,25.03942894736842
1955-09-01,21.464555263157894
1955-10-01,13.594781578947368
1955-11-01,6.830060526315789
1955-12-01,3.1838315789473683
1956-01-01,-2.7033289473684214
1956-02-01,0.4117921052631578
1956-03-01,5.829028947368421
1956-04-01,13.873181578947369
1956-05-01,18.109828947368424
1956-06-01,22.84493947368421
1956-07-01,25.64855
1956-08-01,24.20971315789474
1956-09-01,20.853407894736844
1956-10-01,14.117413157894738
1956-11-01,5.177771052631579
1956-12-01,-1.1223078947368421
1957-01-01,-1.4321078947368422
1957-02-01,-2.307076315789474
1957-03-01,5.242594736842105
1957-04-01,13.55518947368421
1957-05-01,18.56027894736842
1957-06-01,22.459249999999997
1957-07-01,25.136963157894737
1957-08-01,24.49631052631579
1957-09-01,19.170826315789473
1957-10-01,13.784763157894737
1957-11-01,8.903323684210527
1957-12-01,2.093492105263158
1958-01-01,-2.0749157894736845
1958-02-01,0.9733289473684209
1958-03-01,7.513115789473684
1958-04-01,14.233547368421053
1958-05-01,18.60255789473684
1958-06-01,23.42780263157895
1958-07-01,26.16345789473684
1958-08-01,23.702773684210527
1958-09-01,20.518936842105262
1958-10-01,13.034002631578948
1958-11-01,7.162455263157895
1958-12-01,2.999007894736842
1959-01-01,-1.770128947368421
1959-02-01,2.3170868421052635
1959-03-01,8.694997368421053
1959-04-01,14.190221052631578
1959-05-01,18.654523684210528
1959-06-01,22.928578947368422
1959-07-01,25.91881842105263
1959-08-01,25.621915789473682
1959-09-01,20.666484210526317
1959-10-01,15.238363157894739
1959-11-01,6.583523684210526
1959-12-01,1.3063210526315792
1960-01-01,-1.2014184210526315
1960-02-01,4.031321052631579
1960-03-01,8.375068421052632
1960-04-01,12.781615789473685
1960-05-01,18.047405263157895
1960-06-01,23.37377105263158
1960-07-01,25.525805263157896
1960-08-01,24.573005263157896
1960-09-01,21.045707894736843
1960-10-01,13.879673684210525
1960-11-01,7.189268421052632
1960-12-01,-0.16568157894736832
1961-01-01,-1.4483605263157897
1961-02-01,1.8587684210526316
1961-03-01,7.63148947368421
1961-04-01,14.503192105263157
1961-05-01,19.257455263157897
1961-06-01,24.021178947368423
1961-07-01,26.349715789473684
1961-08-01,25.111631578947367
1961-09-01,20.589492105263158
1961-10-01,14.420052631578947
1961-11-01,8.79233947368421
1961-12-01,1.4472078947368423
1962-01-01,-1.7105921052631579
1962-02-01,2.5616368421052633
1962-03-01,6.691621052631579
1962-04-01,12.68246052631579
1962-05-01,19.24701052631579
1962-06-01,22.813634210526317
1962-07-01,25.931276315789475
1962-08-01,24.73388157894737
1962-09-01,20.619934210526317
1962-10-01,14.04498947368421
1962-11-01,6.105697368421053
1962-12-01,2.036705263157895
1963-01-01,-2.458342105263158
1963-02-01,1.3340947368421052
1963-03-01,8.108339473684211
1963-04-01,13.234152631578947
1963-05-01,19.576847368421053
1963-06-01,23.22493157894737
1963-07-01,25.34347105263158
1963-08-01,25.201026315789473
1963-09-01,20.984236842105265
1963-10-01,13.897334210526315
1963-11-01,8.157573684210528
1963-12-01,1.601205263157895
1964-01-01,-0.605121052631579
1964-02-01,-2.5700447368421053
1964-03-01,7.241615789473684
1964-04-01,14.579605263157895
1964-05-01,19.34614210526316
1964-06-01,22.526439473684214
1964-07-01,25.60291052631579
1964-08-01,24.897155263157895
1964-09-01,20.351934210526316
1964-10-01,14.491184210526315
1964-11-01,7.528907894736842
1964-12-01,1.0386184210526315
1965-01-01,-0.09818421052631579
1965-02-01,1.885926315789474
1965-03-01,6.402181578947369
1965-04-01,12.47433947368421
1965-05-01,19.386736842105265
1965-06-01,22.84096052631579
1965-07-01,25.39681842105263
1965-08-01,24.043284210526316
1965-09-01,20.13546052631579
1965-10-01,15.08651052631579
1965-11-01,8.140263157894738
1965-12-01,-0.05907631578947365
1966-01-01,-0.2777078947368421
1966-02-01,3.1780263157894733
1966-03-01,7.729973684210526
1966-04-01,13.33993947368421
1966-05-01,19.1063
1966-06-01,22.93873684210526
1966-07-01,25.407115789473682
1966-08-01,25.526607894736845
1966-09-01,19.46263947368421
1966-10-01,14.83126842105263
1966-11-01,7.515823684210526
1966-12-01,-0.5116368421052633
1967-01-01,-1.666513157894737
1967-02-01,0.3177421052631579
1967-03-01,7.552305263157895
1967-04-01,13.412105263157896
1967-05-01,20.678323684210525
1967-06-01,23.40910263157895
1967-07-01,25.730705263157894
1967-08-01,25.929984210526317
1967-09-01,19.689799999999998
1967-10-01,14.259894736842107
1967-11-01,6.222652631578947
1967-12-01,-2.131305263157895
1968-01-01,-1.3389394736842108
1968-02-01,-1.7865684210526318
1968-03-01,7.79156052631579
1968-04-01,13.77841052631579
1968-05-01,19.1175
1968-06-01,23.129289473684214
1968-07-01,25.467018421052632
1968-08-01,24.272757894736845
1968-09-01,20.322755263157894
1968-10-01,13.401707894736843
1968-11-01,8.571168421052631
1968-12-01,3.577957894736842
1969-01-01,-2.334963157894737
1969-02-01,-2.115292105263158
1969-03-01,6.091647368421053
1969-04-01,13.381568421052632
1969-05-01,19.685102631578946
1969-06-01,22.256178947368422
1969-07-01,25.197734210526317
1969-08-01,24.64263947368421
1969-09-01,20.57496052631579
1969-10-01,14.713163157894737
1969-11-01,5.691884210526316
1969-12-01,-0.06449736842105268
1970-01-01,-2.4645368421052636
1970-02-01,2.2873684210526317
1970-03-01,3.7839131578947365
1970-04-01,13.072157894736842
1970-05-01,19.489757894736844
1970-06-01,22.46399210526316
1970-07-01,25.172505263157895
1970-08-01,25.061828947368422
1970-09-01,20.22231052631579
1970-10-01,14.389407894736843
1970-11-01,7.126286842105263
1970-12-01,1.3186184210526317
1971-01-01,-1.2595973684210529
1971-02-01,0.7263973684210526
1971-03-01,5.904265789473684
1971-04-01,13.709542105263159
1971-05-01,19.08598947368421
1971-06-01,23.10334210526316
1971-07-01,26.085097368421053
1971-08-01,24.39334736842105
1971-09-01,20.035405263157898
1971-10-01,13.600786842105263
1971-11-01,8.203447368421052
1971-12-01,0.8865289473684211
1972-01-01,-0.5176552631578949
1972-02-01,-1.1011394736842106
1972-03-01,7.988078947368421
1972-04-01,13.072713157894738
1972-05-01,18.905284210526315
1972-06-01,23.493544736842107
1972-07-01,25.254649999999998
1972-08-01,24.252565789473685
1972-09-01,19.402402631578948
1972-10-01,14.03978157894737
1972-11-01,7.4058052631578954
1972-12-01,1.2320973684210526
1973-01-01,-0.4719552631578947
1973-02-01,3.0231447368421054
1973-03-01,8.064107894736841
1973-04-01,14.603381578947369
1973-05-01,18.627247368421052
1973-06-01,22.77623421052632
1973-07-01,25.311407894736845
1973-08-01,25.060386842105263
1973-09-01,20.099715789473684
1973-10-01,13.522792105263157
1973-11-01,7.647452631578948
1973-12-01,0.8826263157894736
1974-01-01,-1.2150763157894737
1974-02-01,0.13509210526315787
1974-03-01,6.373363157894738
1974-04-01,14.287139473684212
1974-05-01,19.5172
1974-06-01,22.443726315789473
1974-07-01,25.269705263157892
1974-08-01,24.265134210526316
1974-09-01,20.46198157894737
1974-10-01,13.540526315789473
1974-11-01,7.670105263157894
1974-12-01,-0.13188157894736846
1975-01-01,0.17318947368421037
1975-02-01,2.0484315789473686
1975-03-01,7.997452631578947
1975-04-01,14.457363157894736
1975-05-01,18.618642105263156
1975-06-01,23.346084210526318
1975-07-01,25.3327
1975-08-01,25.210515789473686
1975-09-01,21.706084210526317
1975-10-01,14.799368421052632
1975-11-01,7.544768421052632
1975-12-01,-0.6093894736842106
1976-01-01,-0.6520184210526315
1976-02-01,3.006678947368421
1976-03-01,6.091607894736843
1976-04-01,12.506894736842105
1976-05-01,19.058118421052633
1976-06-01,22.21326578947368
1976-07-01,24.510265789473685
1976-08-01,24.10163684210526
1976-09-01,19.84108947368421
1976-10-01,14.295426315789474
1976-11-01,4.536886842105264
1976-12-01,0.471692105263158
1977-01-01,-4.385871052631579
1977-02-01,0.13929473684210522
1977-03-01,8.376607894736841
1977-04-01,14.395134210526315
1977-05-01,18.977202631578947
1977-06-01,22.976773684210528
1977-07-01,25.83269210526316
1977-08-01,24.31124736842105
1977-09-01,20.6115
1977-10-01,15.590465789473683
1977-11-01,7.269268421052632
1977-12-01,2.662026315789474
1978-01-01,-0.8550368421052631
1978-02-01,0.4637236842105264
1978-03-01,6.893468421052631
1978-04-01,14.461923684210527
1978-05-01,19.403405263157893
1978-06-01,23.797886842105264
1978-07-01,26.032457894736844
1978-08-01,25.209631578947366
1978-09-01,20.67679210526316
1978-10-01,13.902023684210526
1978-11-01,7.86048947368421
1978-12-01,2.129521052631579
1979-01-01,0.17723684210526314
1979-02-01,3.339907894736842
1979-03-01,7.05326052631579
1979-04-01,12.824434210526315
1979-05-01,18.54305
1979-06-01,23.356905263157895
1979-07-01,25.32820263157895
1979-08-01,24.631118421052633
1979-09-01,19.508097368421055
1979-10-01,15.091310526315791
1979-11-01,6.206376315789473
1979-12-01,2.9653236842105266
1980-01-01,-1.3084184210526317
1980-02-01,0.06617105263157899
1980-03-01,6.428581578947368
1980-04-01,12.507563157894737
1980-05-01,19.153552631578947
1980-06-01,23.576823684210524
1980-07-01,25.070302631578947
1980-08-01,23.80877894736842
1980-09-01,19.552107894736842
1980-10-01,14.262597368421053
1980-11-01,9.604823684210526
1980-12-01,0.7919526315789472
1981-01-01,-1.7547157894736842
1981-02-01,1.710215789473684
1981-03-01,8.665518421052631
1981-04-01,14.901534210526314
1981-05-01,18.97499210526316
1981-06-01,23.25762894736842
1981-07-01,26.048844736842103
1981-08-01,24.835513157894738
1981-09-01,20.131965789473686
1981-10-01,12.889931578947369
1981-11-01,5.503252631578947
1981-12-01,0.886757894736842
1982-01-01,-0.06372105263157901
1982-02-01,1.8989815789473685
1982-03-01,7.539113157894737
1982-04-01,13.678234210526316
1982-05-01,19.961023684210527
1982-06-01,22.74118684210526
1982-07-01,25.09127105263158
1982-08-01,24.774518421052633
1982-09-01,19.649957894736843
1982-10-01,15.624749999999999
1982-11-01,7.979521052631578
1982-12-01,0.7582921052631579
1983-01-01,-0.774978947368421
1983-02-01,0.7352157894736843
1983-03-01,6.879052631578947
1983-04-01,14.273897368421053
1983-05-01,19.76136052631579
1983-06-01,22.750413157894734
1983-07-01,25.053555263157897
1983-08-01,24.820005263157896
1983-09-01,21.470844736842107
1983-10-01,14.484160526315788
1983-11-01,8.072263157894737
1983-12-01,1.1496052631578946
1984-01-01,-2.7510052631578947
1984-02-01,-0.6906394736842106
1984-03-01,6.1406
1984-04-01,13.335486842105261
1984-05-01,18.98565
1984-06-01,23.298578947368423
1984-07-01,25.201776315789477
1984-08-01,24.79212105263158
1984-09-01,19.755878947368423
1984-10-01,13.951784210526316
1984-11-01,8.402968421052632
1984-12-01,-0.42842894736842096
1985-01-01,-1.8334921052631579
1985-02-01,1.1151105263157894
1985-03-01,4.862478947368421
1985-04-01,14.023034210526315
1985-05-01,19.686442105263158
1985-06-01,22.894607894736843
1985-07-01,25.289373684210524
1985-08-01,25.112047368421052
1985-09-01,19.65064210526316
1985-10-01,14.832886842105264
1985-11-01,7.18635
1985-12-01,-0.5533236842105265
1986-01-01,-0.7782026315789473
1986-02-01,0.7316289473684211
1986-03-01,7.298581578947369
1986-04-01,13.709968421052633
1986-05-01,19.862126315789475
1986-06-01,23.463055263157894
1986-07-01,24.927434210526318
1986-08-01,24.3434
1986-09-01,20.222023684210527
1986-10-01,13.348297368421052
1986-11-01,6.630210526315789
1986-12-01,1.841663157894737
1987-01-01,0.17363157894736844
1987-02-01,2.964697368421053
1987-03-01,6.711181578947369
1987-04-01,13.543026315789474
1987-05-01,19.063978947368422
1987-06-01,22.394576315789475
1987-07-01,25.083939473684215
1987-08-01,24.838363157894737
1987-09-01,20.429044736842105
1987-10-01,15.141868421052632
1987-11-01,7.163231578947368
1987-12-01,1.6932973684210526
1988-01-01,0.2795394736842105
1988-02-01,0.36991052631578947
1988-03-01,5.1558710526315785
1988-04-01,13.598697368421053
1988-05-01,19.285226315789476
1988-06-01,23.87905263157895
1988-07-01,25.971105263157895
1988-08-01,24.532828947368422
1988-09-01,20.40063157894737
1988-10-01,14.66976052631579
1988-11-01,7.802539473684211
1988-12-01,2.182907894736842
1989-01-01,-0.11491578947368422
1989-02-01,2.1085236842105264
1989-03-01,7.6236999999999995
1989-04-01,14.285310526315788
1989-05-01,19.164947368421053
1989-06-01,22.86119473684211
1989-07-01,24.947726315789474
1989-08-01,24.62502894736842
1989-09-01,20.46747105263158
1989-10-01,15.02365
1989-11-01,7.385752631578947
1989-12-01,2.432336842105263
1990-01-01,-1.179828947368421
1990-02-01,2.213092105263158
1990-03-01,9.031023684210526
1990-04-01,13.319313157894737
1990-05-01,18.962600000000002
1990-06-01,23.44373421052632
1990-07-01,25.91442894736842
1990-08-01,25.451431578947368
1990-09-01,20.988155263157893
1990-10-01,15.399555263157895
1990-11-01,9.623002631578947
1990-12-01,2.548421052631579
1991-01-01,-0.24749473684210527
1991-02-01,2.403421052631579
1991-03-01,6.7486500000000005
1991-04-01,13.53575
1991-05-01,18.916215789473686
1991-06-01,23.200126315789475
1991-07-01,25.4704
1991-08-01,24.90913947368421
1991-09-01,20.593615789473684
1991-10-01,14.157439473684212
1991-11-01,7.50346052631579
1991-12-01,1.24915
1992-01-01,-0.10802368421052642
1992-02-01,2.2978052631578945
1992-03-01,6.50151052631579
1992-04-01,14.639826315789474
1992-05-01,19.21611315789474
1992-06-01,22.282205263157895
1992-07-01,25.35379210526316
1992-08-01,24.49998157894737
1992-09-01,20.126473684210527
1992-10-01,13.244505263157896
1992-11-01,6.682492105263158
1992-12-01,2.21075
1993-01-01,-1.8806500000000002
1993-02-01,3.626494736842105
1993-03-01,8.026105263157895
1993-04-01,13.618734210526314
1993-05-01,18.757086842105263
1993-06-01,23.069347368421056
1993-07-01,24.620568421052635
1993-08-01,23.681055263157894
1993-09-01,20.609255263157895
1993-10-01,13.865221052631577
1993-11-01,6.940818421052631
1993-12-01,0.788071052631579
1994-01-01,-0.2000052631578949
1994-02-01,2.058228947368421
1994-03-01,6.198665789473684
1994-04-01,15.319413157894738
1994-05-01,20.404273684210526
1994-06-01,23.742
1994-07-01,26.346207894736846
1994-08-01,25.45205
1994-09-01,20.171086842105264
1994-10-01,13.927773684210527
1994-11-01,9.425947368421053
1994-12-01,2.040557894736842
1995-01-01,-0.24641842105263165
1995-02-01,2.4490157894736844
1995-03-01,7.649581578947368
1995-04-01,13.479584210526316
1995-05-01,19.154307894736842
1995-06-01,23.275176315789476
1995-07-01,25.37716315789474
1995-08-01,24.659773684210528
1995-09-01,20.486163157894737
1995-10-01,15.010205263157895
1995-11-01,7.945686842105263
1995-12-01,1.3437315789473687
1996-01-01,-0.6984657894736841
1996-02-01,1.10805
1996-03-01,6.622565789473684
1996-04-01,12.739907894736842
1996-05-01,19.355731578947367
1996-06-01,23.44193947368421
1996-07-01,25.11400263157895
1996-08-01,24.363084210526313
1996-09-01,20.74808157894737
1996-10-01,14.488776315789472
1996-11-01,6.993871052631579
1996-12-01,2.037713157894737
1997-01-01,-0.5942447368421053
1997-02-01,2.3740342105263155
1997-03-01,8.775913157894738
1997-04-01,14.32427894736842
1997-05-01,20.069868421052632
1997-06-01,23.582736842105266
1997-07-01,25.84331052631579
1997-08-01,25.460052631578947
1997-09-01,19.244855263157895
1997-10-01,14.512599999999999
1997-11-01,7.972339473684211
1997-12-01,1.9755184210526315
1998-01-01,-1.3069605263157895
1998-02-01,4.070592105263158
1998-03-01,8.115815789473684
1998-04-01,16.692526315789472
1998-05-01,19.69108157894737
1998-06-01,23.2288
1998-07-01,26.011218421052632
1998-08-01,25.078278947368425
1998-09-01,21.714550000000003
1998-10-01,16.151702631578946
1998-11-01,8.764173684210526
1998-12-01,2.7711026315789473
1999-01-01,1.0777763157894737
1999-02-01,4.193657894736842
1999-03-01,6.987984210526316
1999-04-01,14.828281578947369
1999-05-01,19.26764210526316
1999-06-01,23.490621052631578
1999-07-01,25.59101052631579
1999-08-01,24.43896052631579
1999-09-01,21.554313157894736
1999-10-01,14.556855263157894
1999-11-01,8.012623684210526
1999-12-01,1.7020763157894736
2000-01-01,-1.8241631578947368
2000-02-01,0.8438421052631578
2000-03-01,8.582752631578947
2000-04-01,14.45637105263158
2000-05-01,20.472163157894737
2000-06-01,23.985315789473685
2000-07-01,26.452284210526315
2000-08-01,25.008257894736843
2000-09-01,20.894715789473686
2000-10-01,14.178634210526317
2000-11-01,6.153689473684211
2000-12-01,1.8251842105263159
2001-01-01,-1.1575736842105264
2001-02-01,1.8870105263157895
2001-03-01,8.476184210526316
2001-04-01,14.131534210526317
2001-05-01,20.64791052631579
2001-06-01,23.840326315789476
2001-07-01,26.313413157894736
2001-08-01,24.571484210526318
2001-09-01,20.88292105263158
2001-10-01,15.51368157894737
2001-11-01,8.09812105263158
2001-12-01,0.3743473684210527
2002-01-01,1.7352973684210526
2002-02-01,5.137323684210526
2002-03-01,10.267278947368421
2002-04-01,14.850223684210526
2002-05-01,19.627707894736844
2002-06-01,23.888065789473686
2002-07-01,25.754994736842107
2002-08-01,24.41831052631579
2002-09-01,20.571568421052632
2002-10-01,13.920507894736842
2002-11-01,6.673068421052632
2002-12-01,0.667442105263158
2003-01-01,-0.48547631578947387
2003-02-01,3.711523684210526
2003-03-01,7.920089473684211
2003-04-01,14.73353157894737
2003-05-01,19.810713157894735
2003-06-01,23.34275263157895
2003-07-01,25.490368421052633
2003-08-01,24.6478
2003-09-01,21.153513157894736
2003-10-01,14.394855263157895
2003-11-01,7.559526315789474
2003-12-01,1.4859026315789474
2004-01-01,-0.40303421052631583
2004-02-01,4.265178947368421
2004-03-01,8.256123684210525
2004-04-01,15.57452105263158
2004-05-01,19.65575
2004-06-01,23.63079210526316
2004-07-01,25.40553684210526
2004-08-01,24.45051052631579
2004-09-01,20.809763157894736
2004-10-01,14.486981578947368
2004-11-01,8.823455263157895
2004-12-01,1.6213289473684211
2005-01-01,-1.2564815789473684
2005-02-01,-0.1356236842105264
2005-03-01,6.84078947368421
2005-04-01,15.564597368421055
2005-05-01,19.708534210526317
2005-06-01,24.508694736842106
2005-07-01,26.03163157894737
2005-08-01,24.418568421052633
2005-09-01,21.62146052631579
2005-10-01,14.869176315789474
2005-11-01,9.396355263157895
2005-12-01,-0.2581131578947368
2006-01-01,-0.20065789473684223
2006-02-01,1.9839315789473684
2006-03-01,8.380497368421052
2006-04-01,14.503394736842106
2006-05-01,19.93803947368421
2006-06-01,23.84742105263158
2006-07-01,25.981468421052632
2006-08-01,25.695568421052634
2006-09-01,20.428268421052632
2006-10-01,16.748031578947366
2006-11-01,9.015260526315789
2006-12-01,1.793447368421053
2007-01-01,0.32835
2007-02-01,5.925244736842105
2007-03-01,8.341202631578948
2007-04-01,13.995397368421052
2007-05-01,20.96611052631579
2007-06-01,24.09080263157895
2007-07-01,25.712536842105266
2007-08-01,25.366518421052632
2007-09-01,20.98791052631579
2007-10-01,14.747900000000001
2007-11-01,7.959523684210526
2007-12-01,2.785465789473684
2008-01-01,-2.018505263157895
2008-02-01,0.4332026315789474
2008-03-01,10.037213157894737
2008-04-01,15.24442105263158
2008-05-01,19.96733947368421
2008-06-01,23.175110526315787
2008-07-01,25.74907105263158
2008-08-01,24.69685
2008-09-01,21.289423684210526
2008-10-01,15.79353157894737
2008-11-01,7.988344736842105
2008-12-01,1.9194631578947368
2009-01-01,-0.6443394736842106
2009-02-01,4.707728947368421
2009-03-01,7.99665
2009-04-01,14.983747368421055
2009-05-01,20.199749999999998
2009-06-01,23.871886842105265
2009-07-01,25.551457894736842
2009-08-01,24.917936842105266
2009-09-01,21.255486842105263
2009-10-01,15.99851052631579
2009-11-01,5.376897368421052
2009-12-01,0.5889052631578946
2010-01-01,-0.19875526315789496
2010-02-01,2.322976315789474
2010-03-01,6.743681578947369
2010-04-01,11.86088947368421
2010-05-01,19.746744736842103
2010-06-01,23.69988157894737
2010-07-01,26.299815789473683
2010-08-01,25.323236842105263
2010-09-01,21.287089473684212
2010-10-01,14.185765789473685
2010-11-01,8.434892105263158
2010-12-01,1.461992105263158
2011-01-01,-3.8275657894736845
2011-02-01,2.6146710526315786
2011-03-01,6.6896657894736835
2011-04-01,14.707731578947369
2011-05-01,19.52529210526316
2011-06-01,23.953286842105264
2011-07-01,26.035300000000003
2011-08-01,25.11869210526316
2011-09-01,20.05571052631579
2011-10-01,14.885465789473685
2011-11-01,9.47503947368421
2011-12-01,0.5598921052631578
2012-01-01,-1.9434605263157894
2012-02-01,0.6698763157894735
2012-03-01,7.092734210526316
2012-04-01,15.466026315789474
2012-05-01,20.707905263157894
2012-06-01,23.423836842105267
2012-07-01,26.15728157894737
2012-08-01,25.135684210526314
2012-09-01,20.350063157894738
2012-10-01,14.873763157894736
2012-11-01,7.030189473684211
2012-12-01,-0.5136026315789474
2013-01-01,-1.3665894736842104
2013-02-01,2.2554578947368418
2013-03-01,8.679623684210526
2013-04-01,13.273134210526317
2013-05-01,20.418705263157896
2013-06-01,23.832063157894734
2013-07-01,26.444565789473682
2013-08-01,26.1601
2013-09-01,
