date,India_AverageTemperature
1796-01-01,19.083988980716253
1796-02-01,21.271691460055095
1796-03-01,24.442851239669423
1796-04-01,29.18296143250689
1796-05-01,31.69566115702479
1796-06-01,30.621741046831957
1796-07-01,28.123154269972453
1796-08-01,27.92364738292011
1796-09-01,27.501011019283748
1796-10-01,25.749421487603307
1796-11-01,22.140997245179065
1796-12-01,17.59926446280992
1797-01-01,
1797-02-01,
1797-03-01,25.01422314049587
1797-04-01,28.498966942148762
1797-05-01,31.082038567493115
1797-06-01,31.330983471074383
1797-07-01,28.27900826446281
1797-08-01,28.188674931129476
1797-09-01,27.623382920110195
1797-10-01,25.404898071625347
1797-11-01,21.353559228650138
1797-12-01,19.1701652892562
1798-01-01,19.248914600550965
1798-02-01,21.638137741046833
1798-03-01,26.383245179063362
1798-04-01,
1798-05-01,
1798-06-01,30.833834710743805
1798-07-01,29.33359228650138
1798-08-01,28.404473829201102
1798-09-01,27.54759779614325
1798-10-01,25.672837465564736
1798-11-01,22.658066115702482
1798-12-01,18.82638292011019
1799-01-01,18.697146005509644
1799-02-01,20.091617079889808
1799-03-01,25.20537190082645
1799-04-01,29.911011019283748
1799-05-01,31.88746831955923
1799-06-01,31.275300275482095
1799-07-01,28.479724517906334
1799-08-01,28.10301101928375
1799-09-01,27.637159779614326
1799-10-01,26.33076859504132
1799-11-01,22.059421487603306
1799-12-01,18.99919834710744
1800-01-01,19.14195316804408
1800-02-01,21.841143250688706
1800-03-01,25.06559779614325
1800-04-01,30.402112947658402
1800-05-01,31.053275482093664
1800-06-01,30.68082920110193
1800-07-01,27.835793388429753
1800-08-01,27.503115702479338
1800-09-01,26.57234435261708
1800-10-01,26.05117355371901
1800-11-01,22.614223140495866
1800-12-01,19.56369696969697
1801-01-01,19.482333333333333
1801-02-01,20.94787878787879
1801-03-01,27.182710743801653
1801-04-01,
1801-05-01,
1801-06-01,30.09029476584022
1801-07-01,28.597256198347107
1801-08-01,27.5677217630854
1801-09-01,27.14867493112948
1801-10-01,25.739203856749313
1801-11-01,22.451046831955924
1801-12-01,20.30855922865014
1802-01-01,19.932578512396695
1802-02-01,21.824550964187328
1802-03-01,26.939055096418734
1802-04-01,29.780143250688706
1802-05-01,30.89345179063361
1802-06-01,31.829415977961432
1802-07-01,29.198851239669423
1802-08-01,28.009217630853993
1802-09-01,28.317801652892566
1802-10-01,26.299330578512393
1802-11-01,22.23678787878788
1802-12-01,18.863600550964186
1803-01-01,17.722490358126723
1803-02-01,20.390980716253445
1803-03-01,25.446575757575758
1803-04-01,30.18150964187328
1803-05-01,31.89337465564738
1803-06-01,31.077870523415978
1803-07-01,29.22821487603306
1803-08-01,29.213702479338846
1803-09-01,28.30382920110193
1803-10-01,26.065561983471078
1803-11-01,22.72355922865014
1803-12-01,19.0384132231405
1804-01-01,19.560829201101928
1804-02-01,21.26093663911846
1804-03-01,25.343611570247933
1804-04-01,31.053333333333335
1804-05-01,32.368052341597796
1804-06-01,31.408763085399446
1804-07-01,30.067826446280993
1804-08-01,28.21195316804408
1804-09-01,28.080707988980716
1804-10-01,25.917195592286504
1804-11-01,23.59495867768595
1804-12-01,18.692826446280993
1805-01-01,19.220669421487603
1805-02-01,21.130710743801654
1805-03-01,26.028195592286504
1805-04-01,28.956250688705236
1805-05-01,31.776429752066118
1805-06-01,31.401881542699723
1805-07-01,28.398217630853996
1805-08-01,28.60389256198347
1805-09-01,27.480440771349862
1805-10-01,24.604033057851236
1805-11-01,21.984691460055096
1805-12-01,20.149162534435263
1806-01-01,19.129584022038568
1806-02-01,21.069035812672176
1806-03-01,25.101060606060603
1806-04-01,29.289198347107437
1806-05-01,31.61617906336088
1806-06-01,29.46463085399449
1806-07-01,28.372994490358128
1806-08-01,28.297873278236917
1806-09-01,28.434561983471077
1806-10-01,25.53092561983471
1806-11-01,22.47682093663912
1806-12-01,19.713754820936643
1807-01-01,18.077341597796142
1807-02-01,20.795349862258956
1807-03-01,
1807-04-01,
1807-05-01,29.53650964187328
1807-06-01,31.002732782369147
1807-07-01,29.049264462809916
1807-08-01,27.87694214876033
1807-09-01,27.99905785123967
1807-10-01,25.30663085399449
1807-11-01,22.338856749311294
1807-12-01,20.362661157024792
1808-01-01,
1808-02-01,
1808-03-01,
1808-04-01,
1808-05-01,
1808-06-01,
1808-07-01,
1808-08-01,
1808-09-01,
1808-10-01,
1808-11-01,
1808-12-01,
1809-01-01,
1809-02-01,
1809-03-01,
1809-04-01,
1809-05-01,
1809-06-01,
1809-07-01,
1809-08-01,
1809-09-01,
1809-10-01,
1809-11-01,
1809-12-01,
1810-01-01,
1810-02-01,
1810-03-01,
1810-04-01,
1810-05-01,
1810-06-01,
1810-07-01,
1810-08-01,
1810-09-01,
1810-10-01,
1810-11-01,
1810-12-01,
1811-01-01,
1811-02-01,
1811-03-01,
1811-04-01,
1811-05-01,
1811-06-01,
1811-07-01,
1811-08-01,
1811-09-01,
1811-10-01,
1811-11-01,
1811-12-01,
1812-01-01,
1812-02-01,
1812-03-01,
1812-04-01,
1812-05-01,
1812-06-01,
1812-07-01,
1812-08-01,
1812-09-01,
1812-10-01,
1812-11-01,
1812-12-01,
1813-01-01,16.65414600550964
1813-02-01,20.66117906336088
1813-03-01,23.59711570247934
1813-04-01,29.85123415977961
1813-05-01,32.195826446280996
1813-06-01,29.721757575757575
1813-07-01,28.21175482093664
1813-08-01,26.71119834710744
1813-09-01,27.271382920110195
1813-10-01,24.94047658402204
1813-11-01,22.97013774104683
1813-12-01,17.867641873278234
1814-01-01,17.522771349862257
1814-02-01,20.661088154269972
1814-03-01,24.324308539944905
1814-04-01,28.491603305785123
1814-05-01,
1814-06-01,30.373449035812673
1814-07-01,26.970479338842974
1814-08-01,26.762663911845728
1814-09-01,26.130691460055097
1814-10-01,24.26512396694215
1814-11-01,22.917487603305787
1814-12-01,20.538867768595043
1815-01-01,17.931391184573002
1815-02-01,21.237110192837466
1815-03-01,24.31447933884298
1815-04-01,29.368804407713498
1815-05-01,30.976595041322316
1815-06-01,27.93142699724518
1815-07-01,27.5906391184573
1815-08-01,26.999253443526168
1815-09-01,26.707154269972452
1815-10-01,23.77501652892562
1815-11-01,20.831851239669422
1815-12-01,17.452118457300276
1816-01-01,18.362159779614323
1816-02-01,18.344928374655648
1816-03-01,24.079246153846157
1816-04-01,27.844861892583122
1816-05-01,30.984434782608698
1816-06-01,29.60591304347826
1816-07-01,26.493143222506394
1816-08-01,26.299918158567774
1816-09-01,25.43906393861893
1816-10-01,22.979731457800515
1816-11-01,20.543583120204605
1816-12-01,17.35982864450128
1817-01-01,17.412081841432226
1817-02-01,20.256547314578008
1817-03-01,24.06647314578005
1817-04-01,28.607115089514064
1817-05-01,29.741048593350385
1817-06-01,28.542616368286446
1817-07-01,27.057230179028135
1817-08-01,27.096214833759593
1817-09-01,24.82949104859335
1817-10-01,23.46709207161125
1817-11-01,20.887851662404092
1817-12-01,17.187460358056267
1818-01-01,17.567575447570334
1818-02-01,19.567150895140667
1818-03-01,24.6289717948718
1818-04-01,29.249480818414323
1818-05-01,31.387636828644503
1818-06-01,30.225976982097187
1818-07-01,26.6797084398977
1818-08-01,26.144644501278773
1818-09-01,25.49269820971867
1818-10-01,23.565841432225067
1818-11-01,20.864757033248083
1818-12-01,17.70240409207161
1819-01-01,15.861784615384616
1819-02-01,19.13623846153846
1819-03-01,23.71785641025641
1819-04-01,27.60974102564103
1819-05-01,30.170894871794875
1819-06-01,29.66751794871795
1819-07-01,27.348928205128207
1819-08-01,26.652933333333333
1819-09-01,26.06194884910486
1819-10-01,24.73083375959079
1819-11-01,21.558971867007674
1819-12-01,17.552566666666667
1820-01-01,16.981407713498623
1820-02-01,18.988856777493606
1820-03-01,24.243541025641026
1820-04-01,29.18823076923077
1820-05-01,30.504670076726345
1820-06-01,29.61168030690537
1820-07-01,27.412164102564105
1820-08-01,26.344184143222503
1820-09-01,26.36411253196931
1820-10-01,24.319693094629155
1820-11-01,21.16608695652174
1820-12-01,17.576649616368286
1821-01-01,18.727076726342712
1821-02-01,21.435386189258313
1821-03-01,25.375519181585677
1821-04-01,28.19672122762148
1821-05-01,31.063851662404094
1821-06-01,30.00006905370844
1821-07-01,27.620427109974422
1821-08-01,27.12780306905371
1821-09-01,25.675920716112532
1821-10-01,24.544895140664963
1821-11-01,21.982281329923275
1821-12-01,18.601470588235294
1822-01-01,19.047053708439897
1822-02-01,22.234179028132992
1822-03-01,27.08258056265985
1822-04-01,28.672237851662405
1822-05-01,31.067071611253198
1822-06-01,29.855785166240413
1822-07-01,28.072790281329922
1822-08-01,26.584554987212275
1822-09-01,26.00232480818414
1822-10-01,24.034959079283887
1822-11-01,20.92121483375959
1822-12-01,17.65598465473146
1823-01-01,18.404777493606137
1823-02-01,20.93513043478261
1823-03-01,25.049056265984657
1823-04-01,29.390831202046037
1823-05-01,30.903531969309466
1823-06-01,30.65027621483376
1823-07-01,28.091222506393862
1823-08-01,26.594772378516627
1823-09-01,25.367634271099746
1823-10-01,24.72479283887468
1823-11-01,20.98173145780051
1823-12-01,19.27287087912088
1824-01-01,19.391403846153846
1824-02-01,21.422093406593405
1824-03-01,25.82983791208791
1824-04-01,29.466236263736267
1824-05-01,31.196359890109893
1824-06-01,30.76963186813187
1824-07-01,29.437219780219785
1824-08-01,27.389813186813186
1824-09-01,27.369961538461535
1824-10-01,24.45523076923077
1824-11-01,22.500695054945055
1824-12-01,20.744258241758242
1825-01-01,19.579523943661975
1825-02-01,21.79098309859155
1825-03-01,25.809338028169016
1825-04-01,29.904405633802817
1825-05-01,31.173467605633803
1825-06-01,30.54290704225352
1825-07-01,28.184884507042252
1825-08-01,26.703828169014084
1825-09-01,26.445850704225354
1825-10-01,24.974712676056342
1825-11-01,23.08465070422535
1825-12-01,19.232819718309862
1826-01-01,19.133074175824177
1826-02-01,20.475873626373627
1826-03-01,25.850879120879124
1826-04-01,29.76748076923077
1826-05-01,32.11474450549451
1826-06-01,29.73462087912088
1826-07-01,28.504997252747252
1826-08-01,26.572357142857143
1826-09-01,26.52231868131868
1826-10-01,25.37748351648352
1826-11-01,23.01292857142857
1826-12-01,20.599524725274726
1827-01-01,19.876376373626375
1827-02-01,21.818467032967035
1827-03-01,26.20321428571429
1827-04-01,30.07833791208791
1827-05-01,31.142925824175823
1827-06-01,30.369615384615386
1827-07-01,28.626590659340657
1827-08-01,27.135057692307694
1827-09-01,26.217491758241756
1827-10-01,24.988604395604398
1827-11-01,22.96345054945055
1827-12-01,19.057260989010988
1828-01-01,18.260343406593407
1828-02-01,20.886277472527475
1828-03-01,25.729222527472526
1828-04-01,29.139785714285715
1828-05-01,31.17506868131868
1828-06-01,31.099615384615387
1828-07-01,28.504766483516484
1828-08-01,27.129552197802195
1828-09-01,25.449733516483516
1828-10-01,25.12760164835165
1828-11-01,22.828217032967032
1828-12-01,19.47168956043956
1829-01-01,18.871076923076924
1829-02-01,20.276835164835166
1829-03-01,25.411521978021977
1829-04-01,28.953324175824175
1829-05-01,31.41016208791209
1829-06-01,30.20755769230769
1829-07-01,28.04908241758242
1829-08-01,26.98813186813187
1829-09-01,26.166370879120883
1829-10-01,25.504752747252745
1829-11-01,21.84871153846154
1829-12-01,18.980967032967033
1830-01-01,19.06979945054945
1830-02-01,21.761104395604395
1830-03-01,25.167167582417584
1830-04-01,29.39581868131868
1830-05-01,29.477854395604396
1830-06-01,30.051074175824176
1830-07-01,28.674626373626374
1830-08-01,26.843000000000004
1830-09-01,26.108766483516483
1830-10-01,24.962843406593407
1830-11-01,23.47177197802198
1830-12-01,20.095829670329667
1831-01-01,18.606228021978023
1831-02-01,21.271574175824178
1831-03-01,25.69840934065934
1831-04-01,28.626804945054946
1831-05-01,31.619206043956044
1831-06-01,30.651953296703297
1831-07-01,27.59349175824176
1831-08-01,26.341524725274727
1831-09-01,25.63209340659341
1831-10-01,24.537870879120877
1831-11-01,21.285623626373628
1831-12-01,18.589107142857145
1832-01-01,18.099291208791207
1832-02-01,20.263502747252748
1832-03-01,25.65771703296703
1832-04-01,29.56641483516483
1832-05-01,31.696282967032968
1832-06-01,
1832-07-01,28.488024725274723
1832-08-01,26.891934065934066
1832-09-01,25.75391483516484
1832-10-01,24.72926170798898
1832-11-01,21.43901098901099
1832-12-01,
1833-01-01,18.48175191815857
1833-02-01,20.90610230179028
1833-03-01,24.76002813299233
1833-04-01,28.455452685421996
1833-05-01,30.37637084398977
1833-06-01,30.601194373401537
1833-07-01,28.329140664961635
1833-08-01,26.660299232736573
1833-09-01,26.299005115089514
1833-10-01,24.4912915601023
1833-11-01,22.234406649616368
1833-12-01,19.00611253196931
1834-01-01,17.13706138107417
1834-02-01,20.68681074168798
1834-03-01,25.199644501278772
1834-04-01,28.312214833759594
1834-05-01,31.714000000000002
1834-06-01,29.769639386189258
1834-07-01,27.965831202046033
1834-08-01,26.923475703324808
1834-09-01,26.652618925831206
1834-10-01,24.61562915601023
1834-11-01,22.018593350383632
1834-12-01,19.24649104859335
1835-01-01,18.409368286445012
1835-02-01,20.576450127877237
1835-03-01,23.951915601023018
1835-04-01,27.66506905370844
1835-05-01,29.721657289002557
1835-06-01,29.009736572890027
1835-07-01,27.07823273657289
1835-08-01,26.03813810741688
1835-09-01,25.526373401534528
1835-10-01,24.139928388746803
1835-11-01,20.3676726342711
1835-12-01,17.23592327365729
1836-01-01,17.746496163682863
1836-02-01,20.158058823529412
1836-03-01,24.513227621483377
1836-04-01,28.153485933503838
1836-05-01,30.873945054945054
1836-06-01,30.163823529411765
1836-07-01,27.81096675191816
1836-08-01,26.529235294117647
1836-09-01,26.516186700767264
1836-10-01,25.225450127877238
1836-11-01,20.9266368286445
1836-12-01,18.787759590792838
1837-01-01,19.021824175824175
1837-02-01,21.441078167115904
1837-03-01,24.598603773584905
1837-04-01,27.736371967654986
1837-05-01,29.865376373626376
1837-06-01,29.555544668587896
1837-07-01,27.81774168797954
1837-08-01,26.871427109974423
1837-09-01,26.75208695652174
1837-10-01,24.58763427109974
1837-11-01,21.30858567774936
1837-12-01,18.83374168797954
1838-01-01,16.60474931880109
1838-02-01,20.17690463215259
1838-03-01,24.537209809264308
1838-04-01,28.717350383631715
1838-05-01,30.425365122615805
1838-06-01,30.052368286445013
1838-07-01,28.664601023017905
1838-08-01,27.203209718670077
1838-09-01,26.82953452685422
1838-10-01,25.0572915601023
1838-11-01,21.531237851662404
1838-12-01,18.907343324250682
1839-01-01,19.08850819672131
1839-02-01,21.738163934426233
1839-03-01,24.004385245901638
1839-04-01,28.96854143646409
1839-05-01,30.593621546961327
1839-06-01,29.753560773480665
1839-07-01,28.2136546961326
1839-08-01,27.06823756906077
1839-09-01,26.2940773480663
1839-10-01,25.40217955801105
1839-11-01,20.96514640883978
1839-12-01,18.36538674033149
1840-01-01,18.8593631713555
1840-02-01,20.824859335038365
1840-03-01,24.575219948849107
1840-04-01,28.744808184143224
1840-05-01,30.673836317135553
1840-06-01,29.979168797953964
1840-07-01,28.59193861892583
1840-08-01,26.927342710997443
1840-09-01,26.22467007672634
1840-10-01,24.90072549019608
1840-11-01,21.025539641943737
1840-12-01,18.416071611253198
1841-01-01,18.2730895140665
1841-02-01,21.03605347593583
1841-03-01,23.963485933503836
1841-04-01,27.76747570332481
1841-05-01,30.236772378516623
1841-06-01,29.916186700767266
1841-07-01,28.557255754475705
1841-08-01,26.939329923273657
1841-09-01,26.58594884910486
1841-10-01,24.69655742296919
1841-11-01,21.586048593350384
1841-12-01,18.398427109974424
1842-01-01,18.775837535014006
1842-02-01,21.32870868347339
1842-03-01,25.0733273657289
1842-04-01,28.732544757033246
1842-05-01,30.626358056265985
1842-06-01,29.581714285714288
1842-07-01,28.121984654731456
1842-08-01,26.771554987212276
1842-09-01,26.05146291560102
1842-10-01,24.556524296675192
1842-11-01,21.393659846547315
1842-12-01,19.127859335038366
1843-01-01,18.60009718670077
1843-02-01,21.281063938618928
1843-03-01,24.42341432225064
1843-04-01,28.141987212276213
1843-05-01,29.849815856777493
1843-06-01,29.618212276214834
1843-07-01,28.180002557544757
1843-08-01,27.078685421994884
1843-09-01,26.52441176470588
1843-10-01,24.69323529411765
1843-11-01,21.10012787723785
1843-12-01,18.153664961636828
1844-01-01,17.846496163682865
1844-02-01,19.483437340153454
1844-03-01,24.650861892583123
1844-04-01,28.3186547314578
1844-05-01,29.811736572890027
1844-06-01,29.73777749360614
1844-07-01,27.738687979539645
1844-08-01,26.92081074168798
1844-09-01,26.140626598465474
1844-10-01,24.631030690537084
1844-11-01,21.447278772378517
1844-12-01,18.381849104859334
1845-01-01,18.38482864450128
1845-02-01,20.031772378516624
1845-03-01,25.01194117647059
1845-04-01,28.294682864450127
1845-05-01,30.616552429667518
1845-06-01,29.64250639386189
1845-07-01,28.329015345268544
1845-08-01,27.24643989769821
1845-09-01,26.755391304347828
1845-10-01,24.577176470588235
1845-11-01,21.408723785166238
1845-12-01,17.84765728900256
1846-01-01,19.19779945799458
1846-02-01,20.741059620596207
1846-03-01,25.84338482384824
1846-04-01,28.407588075880756
1846-05-01,30.820929539295395
1846-06-01,30.150284552845527
1846-07-01,28.87139024390244
1846-08-01,27.628539295392955
1846-09-01,26.61181571815718
1846-10-01,24.252243902439023
1846-11-01,21.556523035230352
1846-12-01,18.444146341463416
1847-01-01,18.418531165311652
1847-02-01,20.391325203252034
1847-03-01,24.22117073170732
1847-04-01,28.703379403794038
1847-05-01,30.359010840108404
1847-06-01,29.759734417344173
1847-07-01,28.33441463414634
1847-08-01,27.260745257452577
1847-09-01,26.698455284552843
1847-10-01,24.60292140921409
1847-11-01,21.29120867208672
1847-12-01,16.83738482384824
1848-01-01,17.430815856777496
1848-02-01,20.749143222506394
1848-03-01,24.51994884910486
1848-04-01,28.19924040920716
1848-05-01,30.298657289002556
1848-06-01,29.35074936061381
1848-07-01,28.31028644501279
1848-08-01,27.140994884910487
1848-09-01,26.562271099744244
1848-10-01,24.600434782608698
1848-11-01,21.118598465473145
1848-12-01,18.413726342710998
1849-01-01,17.459626598465473
1849-02-01,20.04218925831202
1849-03-01,24.823140664961638
1849-04-01,28.51989769820972
1849-05-01,30.429608695652178
1849-06-01,29.381061381074172
1849-07-01,28.05862148337596
1849-08-01,27.078874680306907
1849-09-01,26.50925319693095
1849-10-01,24.903337595907928
1849-11-01,21.907434782608696
1849-12-01,17.46277493606138
1850-01-01,17.417092071611254
1850-02-01,20.222685421994886
1850-03-01,24.506613810741687
1850-04-01,28.31237851662404
1850-05-01,30.046782608695654
1850-06-01,30.212127877237855
1850-07-01,28.477634271099745
1850-08-01,27.56050895140665
1850-09-01,26.970728900255754
1850-10-01,26.056895140664963
1850-11-01,22.232322250639385
1850-12-01,18.160247395833334
1851-01-01,17.58730179028133
1851-02-01,20.12155754475703
1851-03-01,24.650296875
1851-04-01,28.282286445012787
1851-05-01,30.976588235294116
1851-06-01,29.887672634271098
1851-07-01,28.22501534526854
1851-08-01,27.50686189258312
1851-09-01,27.182969309462912
1851-10-01,25.54304347826087
1851-11-01,21.49576726342711
1851-12-01,18.461196930946294
1852-01-01,18.295813299232737
1852-02-01,21.01951150895141
1852-03-01,23.941843989769822
1852-04-01,28.101135549872122
1852-05-01,30.48025319693095
1852-06-01,29.944861892583123
1852-07-01,28.19500767263427
1852-08-01,27.149570332480817
1852-09-01,26.880496163682864
1852-10-01,24.86306393861893
1852-11-01,21.052925831202046
1852-12-01,18.518196930946292
1853-01-01,17.34235549872123
1853-02-01,20.52490792838875
1853-03-01,25.09381329923274
1853-04-01,28.567219948849104
1853-05-01,31.05660358056266
1853-06-01,30.773081841432223
1853-07-01,28.917746803069054
1853-08-01,27.588007672634273
1853-09-01,27.182593350383634
1853-10-01,25.076306905370842
1853-11-01,21.28210485933504
1853-12-01,18.649048593350383
1854-01-01,18.368416879795397
1854-02-01,19.976667519181586
1854-03-01,25.06152429667519
1854-04-01,28.418340153452686
1854-05-01,31.195115681233933
1854-06-01,30.3187969151671
1854-07-01,28.733
1854-08-01,27.615171355498724
1854-09-01,26.88893094629156
1854-10-01,25.790728900255754
1854-11-01,22.094168797953962
1854-12-01,18.822877237851664
1855-01-01,18.618641943734016
1855-02-01,20.97362915601023
1855-03-01,26.842295000000004
1855-04-01,29.44927621483376
1855-05-01,31.591700767263426
1855-06-01,30.25652685421995
1855-07-01,28.517161125319696
1855-08-01,27.62212020460358
1855-09-01,26.923196930946293
1855-10-01,24.898286445012786
1855-11-01,21.537982097186703
1855-12-01,17.811485933503835
1856-01-01,18.49444730077121
1856-02-01,20.52987979539642
1856-03-01,24.741339331619535
1856-04-01,28.575994858611825
1856-05-01,30.16562121212121
1856-06-01,30.110506393861893
1856-07-01,27.932285347043702
1856-08-01,26.331349614395887
1856-09-01,26.403879177377892
1856-10-01,24.509135549872124
1856-11-01,21.35390537084399
1856-12-01,18.309240409207163
1857-01-01,17.52106138107417
1857-02-01,19.804739130434783
1857-03-01,24.25413043478261
1857-04-01,27.989727513227514
1857-05-01,30.1907146529563
1857-06-01,29.09837566137566
1857-07-01,27.673555555555552
1857-08-01,27.00568253968254
1857-09-01,26.63998148148148
1857-10-01,24.386910052910054
1857-11-01,21.450671122994653
1857-12-01,18.56933155080214
1858-01-01,20.271128301886794
1858-02-01,22.245679104477613
1858-03-01,26.214100746268656
1858-04-01,29.904876865671643
1858-05-01,30.450188679245283
1858-06-01,29.144619402985075
1858-07-01,27.162817164179106
1858-08-01,26.80837313432836
1858-09-01,26.630641791044777
1858-10-01,25.477554716981132
1858-11-01,23.077509433962263
1858-12-01,19.514452830188677
1859-01-01,19.962649056603773
1859-02-01,22.372761194029852
1859-03-01,26.495335849056605
1859-04-01,29.764381132075474
1859-05-01,30.97534716981132
1859-06-01,29.357871698113208
1859-07-01,27.265973584905662
1859-08-01,26.610524528301887
1859-09-01,26.423992452830188
1859-10-01,25.475418867924528
1859-11-01,22.716449056603775
1859-12-01,19.89738867924528
1860-01-01,19.62467169811321
1860-02-01,22.021411320754716
1860-03-01,25.132449056603775
1860-04-01,29.29489433962264
1860-05-01,30.597125
1860-06-01,29.443536764705883
1860-07-01,27.587680147058823
1860-08-01,27.134746323529413
1860-09-01,27.04591911764706
1860-10-01,25.357408088235296
1860-11-01,22.32722794117647
1860-12-01,18.64360294117647
1861-01-01,18.792867924528302
1861-02-01,21.59861132075472
1861-03-01,25.918430188679245
1861-04-01,28.95324528301887
1861-05-01,30.33764528301887
1861-06-01,29.13187132352941
1861-07-01,27.31747169811321
1861-08-01,26.800547169811324
1861-09-01,26.626777358490568
1861-10-01,25.193664150943395
1861-11-01,22.822030188679243
1861-12-01,19.725600000000004
1862-01-01,19.829963470319633
1862-02-01,21.961465753424655
1862-03-01,26.20189497716895
1862-04-01,
1862-05-01,
1862-06-01,
1862-07-01,
1862-08-01,
1862-09-01,
1862-10-01,
1862-11-01,
1862-12-01,
1863-01-01,18.34311111111111
1863-02-01,20.993458333333333
1863-03-01,25.066736111111112
1863-04-01,28.494708333333335
1863-05-01,29.600986111111112
1863-06-01,28.905458333333335
1863-07-01,28.047402777777776
1863-08-01,27.55198611111111
1863-09-01,27.008583333333334
1863-10-01,25.134444444444444
1863-11-01,21.505166666666668
1863-12-01,17.81377777777778
1864-01-01,17.10666666666667
1864-02-01,19.875486111111112
1864-03-01,24.45288888888889
1864-04-01,28.24677777777778
1864-05-01,29.49654166666667
1864-06-01,29.262500000000003
1864-07-01,28.239444444444445
1864-08-01,27.664541666666665
1864-09-01,27.239444444444445
1864-10-01,25.567583333333335
1864-11-01,21.528666666666666
1864-12-01,17.616069444444445
1865-01-01,20.46327205882353
1865-02-01,22.285764705882354
1865-03-01,25.540511029411764
1865-04-01,28.953608552631582
1865-05-01,30.801993421052632
1865-06-01,30.174470394736844
1865-07-01,27.865332225913622
1865-08-01,27.23411513157895
1865-09-01,27.487371710526315
1865-10-01,25.857125
1865-11-01,23.22181907894737
1865-12-01,19.746703947368424
1866-01-01,20.276717687074832
1866-02-01,21.88913605442177
1866-03-01,25.875775510204083
1866-04-01,29.686445578231293
1866-05-01,31.249887755102044
1866-06-01,29.68018367346939
1866-07-01,27.955486394557823
1866-08-01,27.00054081632653
1866-09-01,27.180261904761906
1866-10-01,25.449659863945577
1866-11-01,22.756054421768706
1866-12-01,20.516506578947368
1867-01-01,19.931592105263157
1867-02-01,22.01301075268817
1867-03-01,25.963612903225805
1867-04-01,29.502763440860218
1867-05-01,30.638819727891157
1867-06-01,29.78407823129252
1867-07-01,27.77828231292517
1867-08-01,27.107139455782313
1867-09-01,27.040115646258503
1867-10-01,25.804078231292518
1867-11-01,23.393275747508305
1867-12-01,20.420441860465115
1868-01-01,19.12014469453376
1868-02-01,21.289964630225082
1868-03-01,25.549594855305465
1868-04-01,29.469750865051903
1868-05-01,31.217052117263844
1868-06-01,29.758589576547234
1868-07-01,27.706255892255893
1868-08-01,27.344830618892505
1868-09-01,27.159368078175895
1868-10-01,26.06941042345277
1868-11-01,22.39
1868-12-01,19.627775244299674
1869-01-01,19.262201892744482
1869-02-01,22.46076677316294
1869-03-01,25.722399361022365
1869-04-01,29.696328075709783
1869-05-01,31.044369085173503
1869-06-01,29.895393548387098
1869-07-01,27.854555921052633
1869-08-01,27.043270967741936
1869-09-01,27.223729032258063
1869-10-01,25.61401644736842
1869-11-01,22.393756493506494
1869-12-01,19.185746710526313
1870-01-01,18.016703324808184
1870-02-01,20.226360613810744
1870-03-01,24.785818414322254
1870-04-01,29.108219948849104
1870-05-01,31.604971867007674
1870-06-01,30.156368286445016
1870-07-01,27.978593350383633
1870-08-01,26.85611253196931
1870-09-01,26.960652173913044
1870-10-01,25.24674168797954
1870-11-01,21.69000255754476
1870-12-01,17.692508951406648
1871-01-01,17.660841432225066
1871-02-01,20.441984654731456
1871-03-01,24.825964194373398
1871-04-01,29.124202046035805
1871-05-01,30.868237851662403
1871-06-01,30.387508951406648
1871-07-01,27.934153452685425
1871-08-01,27.469043478260872
1871-09-01,27.321184143222506
1871-10-01,25.550833759590795
1871-11-01,21.419780051150894
1871-12-01,18.341230179028134
1872-01-01,17.96341432225064
1872-02-01,20.175168797953965
1872-03-01,25.46135294117647
1872-04-01,28.893703324808186
1872-05-01,31.007135549872125
1872-06-01,30.14177749360614
1872-07-01,28.015554987212276
1872-08-01,27.17776470588235
1872-09-01,27.03562915601023
1872-10-01,25.54458823529412
1872-11-01,21.63814578005115
1872-12-01,18.39468030690537
1873-01-01,17.774043478260868
1873-02-01,20.819332480818414
1873-03-01,24.695693094629156
1873-04-01,28.781652173913045
1873-05-01,31.337583120204606
1873-06-01,30.148869565217392
1873-07-01,28.253913043478263
1873-08-01,27.443961636828643
1873-09-01,27.105429667519182
1873-10-01,25.528447570332478
1873-11-01,21.68772122762148
1873-12-01,18.736263427109975
1874-01-01,17.74895652173913
1874-02-01,20.558736572890027
1874-03-01,24.149365728900257
1874-04-01,29.158503836317138
1874-05-01,30.716610932475884
1874-06-01,30.101838874680304
1874-07-01,28.07954987212276
1874-08-01,27.467391304347824
1874-09-01,26.995227621483377
1874-10-01,25.935680306905372
1874-11-01,22.285076726342712
1874-12-01,18.200457800511508
1875-01-01,17.816690537084398
1875-02-01,20.240012787723785
1875-03-01,26.460212276214833
1875-04-01,29.786634271099746
1875-05-01,30.929544757033245
1875-06-01,30.364350383631713
1875-07-01,28.05290281329923
1875-08-01,27.21242966751918
1875-09-01,27.134841432225063
1875-10-01,24.603125319693095
1875-11-01,21.67583887468031
1875-12-01,19.086601023017902
1876-01-01,18.503097186700767
1876-02-01,20.697721227621482
1876-03-01,25.370624040920717
1876-04-01,29.137010230179026
1876-05-01,31.407317135549874
1876-06-01,31.076685421994885
1876-07-01,28.027554987212273
1876-08-01,27.35656777493606
1876-09-01,26.888089514066497
1876-10-01,24.725710997442455
1876-11-01,21.474815856777493
1876-12-01,18.228762148337594
1877-01-01,18.280409207161124
1877-02-01,19.258204603580563
1877-03-01,24.733109974424554
1877-04-01,27.445549872122765
1877-05-01,30.163283887468033
1877-06-01,30.655194373401535
1877-07-01,29.302135549872123
1877-08-01,28.672063938618926
1877-09-01,28.03741432225064
1877-10-01,25.455248081841432
1877-11-01,23.224411764705884
1877-12-01,19.549892583120204
1878-01-01,17.891877237851663
1878-02-01,21.755081841432222
1878-03-01,25.940227621483377
1878-04-01,28.78244757033248
1878-05-01,29.825595907928392
1878-06-01,31.775332480818417
1878-07-01,28.793787723785165
1878-08-01,27.643928388746804
1878-09-01,27.779263427109978
1878-10-01,26.445260869565217
1878-11-01,22.395841432225062
1878-12-01,18.340900255754477
1879-01-01,18.46128644501279
1879-02-01,21.195079283887466
1879-03-01,25.345000000000002
1879-04-01,30.12102813299233
1879-05-01,31.669531969309464
1879-06-01,29.5033094629156
1879-07-01,27.953237851662404
1879-08-01,26.858171355498722
1879-09-01,26.92773913043478
1879-10-01,25.180209718670074
1879-11-01,20.57550127877238
1879-12-01,17.536713554987212
1880-01-01,18.432718670076728
1880-02-01,19.98736828644501
1880-03-01,26.710173913043477
1880-04-01,30.126618925831202
1880-05-01,30.820913043478264
1880-06-01,30.1213094629156
1880-07-01,27.462583120204606
1880-08-01,27.669268542199486
1880-09-01,27.027938618925834
1880-10-01,25.86467007672634
1880-11-01,21.55218158567775
1880-12-01,18.176232736572892
1881-01-01,17.948907928388746
1881-02-01,21.573810741687982
1881-03-01,24.326483375959082
1881-04-01,29.253884910485933
1881-05-01,31.199012787723785
1881-06-01,29.760314578005115
1881-07-01,28.091744245524296
1881-08-01,27.30108695652174
1881-09-01,27.332112531969308
1881-10-01,25.64673145780051
1881-11-01,21.255156010230177
1881-12-01,18.53561125319693
1882-01-01,18.991537084398978
1882-02-01,20.222002557544755
1882-03-01,26.061248081841434
1882-04-01,28.926539641943734
1882-05-01,30.137611253196933
1882-06-01,29.354918158567777
1882-07-01,27.28599232736573
1882-08-01,27.265585677749364
1882-09-01,27.145028132992326
1882-10-01,25.339785166240407
1882-11-01,21.291557544757033
1882-12-01,19.053132992327363
1883-01-01,18.118521739130436
1883-02-01,19.673010230179028
1883-03-01,24.675542199488493
1883-04-01,29.440946291560103
1883-05-01,30.92517391304348
1883-06-01,29.78921483375959
1883-07-01,27.75347570332481
1883-08-01,28.007122762148338
1883-09-01,27.16777493606138
1883-10-01,25.109232736572892
1883-11-01,20.670897698209718
1883-12-01,16.91180562659847
1884-01-01,17.817514066496162
1884-02-01,19.780056265984655
1884-03-01,25.72457033248082
1884-04-01,28.69687468030691
1884-05-01,30.95422762148338
1884-06-01,29.98191560102302
1884-07-01,28.000271099744246
1884-08-01,27.288560102301794
1884-09-01,26.67828644501279
1884-10-01,24.244189258312023
1884-11-01,20.293772378516625
1884-12-01,17.792291560102303
1885-01-01,18.360117647058825
1885-02-01,19.001693094629157
1885-03-01,25.153398976982096
1885-04-01,28.443503836317134
1885-05-01,29.541404092071613
1885-06-01,29.965636828644502
1885-07-01,27.993337595907928
1885-08-01,27.302695652173913
1885-09-01,27.29761125319693
1885-10-01,25.658176470588234
1885-11-01,21.8726726342711
1885-12-01,18.411396419437338
1886-01-01,18.02603324808184
1886-02-01,19.910670076726344
1886-03-01,25.054667519181585
1886-04-01,28.915306905370844
1886-05-01,30.651373401534528
1886-06-01,29.709304347826087
1886-07-01,27.689391304347826
1886-08-01,27.310746803069055
1886-09-01,27.489503836317137
1886-10-01,25.96190025575448
1886-11-01,22.225365728900258
1886-12-01,18.769212276214834
1887-01-01,17.784460358056265
1887-02-01,20.00823273657289
1887-03-01,25.333790281329925
1887-04-01,28.92781841432225
1887-05-01,31.475138107416882
1887-06-01,29.5720358056266
1887-07-01,27.412874680306903
1887-08-01,26.821296675191817
1887-09-01,26.793728900255754
1887-10-01,24.84417135549872
1887-11-01,21.520537084398978
1887-12-01,18.395294117647058
1888-01-01,17.16357033248082
1888-02-01,20.367933503836316
1888-03-01,26.03995396419438
1888-04-01,29.455562659846546
1888-05-01,30.855606138107415
1888-06-01,30.741460358056266
1888-07-01,27.81221739130435
1888-08-01,27.091048593350383
1888-09-01,27.305790281329923
1888-10-01,25.40938618925831
1888-11-01,21.909158567774934
1888-12-01,18.073826086956522
1889-01-01,19.0563989769821
1889-02-01,20.69475703324808
1889-03-01,26.209624040920716
1889-04-01,29.696971867007672
1889-05-01,31.53607672634271
1889-06-01,30.121278772378517
1889-07-01,28.2056368286445
1889-08-01,27.440470588235293
1889-09-01,27.513757033248083
1889-10-01,24.995227621483377
1889-11-01,21.438263427109977
1889-12-01,18.70089514066496
1890-01-01,18.609396419437342
1890-02-01,21.257762148337594
1890-03-01,25.522910485933505
1890-04-01,29.34725831202046
1890-05-01,31.335984654731458
1890-06-01,29.546593350383635
1890-07-01,27.095971867007673
1890-08-01,26.709593350383635
1890-09-01,27.06468286445013
1890-10-01,25.065634271099746
1890-11-01,21.516682864450125
1890-12-01,19.00595140664962
1891-01-01,18.07857800511509
1891-02-01,19.596191815856777
1891-03-01,23.530378516624044
1891-04-01,28.945728900255755
1891-05-01,30.573222506393865
1891-06-01,31.284117647058824
1891-07-01,28.788063938618926
1891-08-01,27.452698209718672
1891-09-01,27.401115089514064
1891-10-01,25.124657289002556
1891-11-01,22.021071611253195
1891-12-01,18.80204859335038
1892-01-01,19.041757033248082
1892-02-01,21.475644501278776
1892-03-01,26.360598465473146
1892-04-01,30.87279795396419
1892-05-01,31.65686445012788
1892-06-01,30.009877237851665
1892-07-01,28.14729411764706
1892-08-01,26.936051150895143
1892-09-01,26.873450127877238
1892-10-01,25.2066547314578
1892-11-01,20.967081841432226
1892-12-01,18.02245012787724
1893-01-01,17.1966905370844
1893-02-01,18.02775959079284
1893-03-01,23.009836317135548
1893-04-01,28.739854219948846
1893-05-01,29.93245780051151
1893-06-01,28.830268542199487
1893-07-01,27.325595907928392
1893-08-01,27.47648337595908
1893-09-01,26.64119948849105
1893-10-01,25.04689769820972
1893-11-01,21.78384398976982
1893-12-01,18.43402557544757
1894-01-01,18.400342710997442
1894-02-01,21.280718670076727
1894-03-01,25.078641943734016
1894-04-01,29.06018670076726
1894-05-01,31.75465728900256
1894-06-01,29.75078772378517
1894-07-01,27.585273657289004
1894-08-01,27.07341432225064
1894-09-01,27.0936905370844
1894-10-01,25.499117647058824
1894-11-01,21.242033248081842
1894-12-01,18.628795396419438
1895-01-01,18.083480818414323
1895-02-01,20.5973094629156
1895-03-01,25.1299283887468
1895-04-01,28.34138874680307
1895-05-01,31.937631713554985
1895-06-01,29.94731969309463
1895-07-01,28.212721227621486
1895-08-01,27.34716368286445
1895-09-01,27.672074168797955
1895-10-01,25.191437340153456
1895-11-01,22.865309462915604
1895-12-01,18.215074168797955
1896-01-01,18.403248081841433
1896-02-01,21.32025063938619
1896-03-01,26.29481841432225
1896-04-01,30.465452685421994
1896-05-01,32.06125319693095
1896-06-01,30.06763938618926
1896-07-01,28.61448593350384
1896-08-01,27.515191815856777
1896-09-01,27.99755242966752
1896-10-01,26.38515601023018
1896-11-01,22.815659846547316
1896-12-01,18.93130179028133
1897-01-01,18.998524296675193
1897-02-01,21.455207161125323
1897-03-01,25.285485933503836
1897-04-01,29.42396930946292
1897-05-01,32.18895907928389
1897-06-01,31.008322250639388
1897-07-01,29.059652173913044
1897-08-01,27.733388746803072
1897-09-01,27.60003324808184
1897-10-01,25.647069053708442
1897-11-01,22.06861125319693
1897-12-01,18.274148337595907
1898-01-01,18.394235294117646
1898-02-01,20.192468030690538
1898-03-01,25.417242966751918
1898-04-01,30.410514066496166
1898-05-01,31.468084398976984
1898-06-01,30.559053708439897
1898-07-01,28.10706393861893
1898-08-01,27.610299232736573
1898-09-01,27.18252685421995
1898-10-01,25.7669820971867
1898-11-01,22.162005115089517
1898-12-01,19.169219948849104
1899-01-01,16.834838874680308
1899-02-01,21.07322506393862
1899-03-01,26.30480051150895
1899-04-01,28.636744245524298
1899-05-01,31.409503836317135
1899-06-01,29.8966547314578
1899-07-01,28.264710997442457
1899-08-01,28.75136828644501
1899-09-01,28.390787723785166
1899-10-01,26.28565984654732
1899-11-01,22.39491560102302
1899-12-01,19.4026905370844
1900-01-01,18.897194373401533
1900-02-01,21.56873145780051
1900-03-01,26.560736572890026
1900-04-01,29.225191815856782
1900-05-01,31.151680306905373
1900-06-01,31.254176470588234
1900-07-01,28.949595907928387
1900-08-01,27.93608695652174
1900-09-01,27.00073401534527
1900-10-01,25.227365728900256
1900-11-01,22.628150895140664
1900-12-01,19.572608695652175
1901-01-01,17.65310230179028
1901-02-01,20.183176470588236
1901-03-01,25.207508951406652
1901-04-01,29.12680051150895
1901-05-01,31.1830537084399
1901-06-01,31.391452685421996
1901-07-01,28.9577442455243
1901-08-01,27.633856777493605
1901-09-01,27.749524296675194
1901-10-01,26.648805626598467
1901-11-01,22.419757033248082
1901-12-01,18.9000537084399
1902-01-01,19.16781074168798
1902-02-01,21.357329923273657
1902-03-01,26.688554987212278
1902-04-01,29.349289002557544
1902-05-01,31.570230179028137
1902-06-01,30.8839462915601
1902-07-01,28.54159846547315
1902-08-01,28.40263938618926
1902-09-01,27.383721227621482
1902-10-01,25.719580562659846
1902-11-01,21.864312020460357
1902-12-01,18.456969309462917
1903-01-01,18.520184143222505
1903-02-01,20.247135549872123
1903-03-01,24.6830179028133
1903-04-01,28.866352941176473
1903-05-01,31.091918158567776
1903-06-01,31.250667519181587
1903-07-01,29.094662404092073
1903-08-01,27.632340153452688
1903-09-01,27.50820716112532
1903-10-01,25.554235294117646
1903-11-01,21.315930946291562
1903-12-01,18.006867007672636
1904-01-01,18.220373401534527
1904-02-01,20.67965217391304
1904-03-01,24.951953964194374
1904-04-01,29.68348081841432
1904-05-01,30.771994884910487
1904-06-01,30.076713554987215
1904-07-01,27.77871611253197
1904-08-01,27.527618925831206
1904-09-01,27.422907928388746
1904-10-01,25.754117647058823
1904-11-01,21.57206905370844
1904-12-01,18.660117647058822
1905-01-01,17.24013810741688
1905-02-01,17.550204603580564
1905-03-01,23.514120204603582
1905-04-01,27.07892327365729
1905-05-01,31.376687979539643
1905-06-01,31.578682864450126
1905-07-01,28.674299232736573
1905-08-01,28.09288491048593
1905-09-01,27.759629156010227
1905-10-01,26.00818158567775
1905-11-01,22.66893094629156
1905-12-01,18.465271099744246
1906-01-01,17.831340153452686
1906-02-01,19.928158567774936
1906-03-01,23.932797953964194
1906-04-01,29.48987979539642
1906-05-01,32.380255754475705
1906-06-01,30.31316112531969
1906-07-01,28.471007672634272
1906-08-01,27.59858823529412
1906-09-01,27.287184143222508
1906-10-01,25.79184654731458
1906-11-01,22.550322250639386
1906-12-01,19.202081841432225
1907-01-01,19.192296675191816
1907-02-01,20.07499488491049
1907-03-01,23.779964194373402
1907-04-01,27.37707672634271
1907-05-01,30.43445780051151
1907-06-01,30.443764705882355
1907-07-01,29.14879283887468
1907-08-01,27.248685421994885
1907-09-01,27.792506393861895
1907-10-01,26.278283887468035
1907-11-01,22.61695652173913
1907-12-01,18.109693094629158
1908-01-01,17.829
1908-02-01,20.76440409207161
1908-03-01,24.864104859335036
1908-04-01,30.227677749360616
1908-05-01,31.466516624040924
1908-06-01,31.13438874680307
1908-07-01,27.80658567774936
1908-08-01,27.12638363171356
1908-09-01,27.315273657289005
1908-10-01,25.64224040920716
1908-11-01,21.417020460358057
1908-12-01,17.815411764705882
1909-01-01,18.525759590792838
1909-02-01,20.474386189258315
1909-03-01,25.89752685421995
1909-04-01,27.707570332480817
1909-05-01,31.058959079283888
1909-06-01,29.416309462915603
1909-07-01,27.545514066496164
1909-08-01,27.27512020460358
1909-09-01,27.064214833759593
1909-10-01,25.720580562659844
1909-11-01,22.631427109974428
1909-12-01,18.70131713554987
1910-01-01,18.085874680306905
1910-02-01,20.66050895140665
1910-03-01,25.242329923273658
1910-04-01,28.907562659846548
1910-05-01,31.29656010230179
1910-06-01,29.676918158567776
1910-07-01,27.90527621483376
1910-08-01,27.3720179028133
1910-09-01,27.21184654731458
1910-10-01,25.163710997442458
1910-11-01,21.039641943734015
1910-12-01,18.00987212276215
1911-01-01,19.23400767263427
1911-02-01,20.360089514066495
1911-03-01,23.972107416879798
1911-04-01,28.78045780051151
1911-05-01,31.83686956521739
1911-06-01,29.841289002557545
1911-07-01,29.23923529411765
1911-08-01,27.88099488491049
1911-09-01,27.31359335038363
1911-10-01,25.996624040920718
1911-11-01,21.67619948849105
1911-12-01,18.497662404092072
1912-01-01,18.702092071611254
1912-02-01,21.702531969309465
1912-03-01,25.114480818414325
1912-04-01,28.75353196930946
1912-05-01,31.55632225063939
1912-06-01,31.441135549872122
1912-07-01,28.38622506393862
1912-08-01,27.499427109974423
1912-09-01,27.28854219948849
1912-10-01,25.750764705882354
1912-11-01,21.411242966751917
1912-12-01,18.18231969309463
1913-01-01,18.166780051150894
1913-02-01,20.82078260869565
1913-03-01,23.88866751918159
1913-04-01,29.78226598465473
1913-05-01,30.522306905370844
1913-06-01,29.178186700767263
1913-07-01,28.06868286445013
1913-08-01,27.765099744245525
1913-09-01,27.88216112531969
1913-10-01,26.049728900255754
1913-11-01,21.695928388746804
1913-12-01,18.471329923273657
1914-01-01,18.96062915601023
1914-02-01,20.937736572890024
1914-03-01,24.688659846547313
1914-04-01,28.20563938618926
1914-05-01,31.199897698209718
1914-06-01,30.306800511508953
1914-07-01,28.025820971867006
1914-08-01,27.49083120204604
1914-09-01,27.42600767263427
1914-10-01,25.322805626598466
1914-11-01,22.54195652173913
1914-12-01,18.682987212276213
1915-01-01,18.584598465473146
1915-02-01,20.215780051150894
1915-03-01,24.859383631713555
1915-04-01,28.94513810741688
1915-05-01,32.004759590792844
1915-06-01,31.086713554987213
1915-07-01,29.12052685421995
1915-08-01,28.13261636828645
1915-09-01,27.916603580562658
1915-10-01,26.77899232736573
1915-11-01,22.978358056265986
1915-12-01,18.58161381074169
1916-01-01,18.474693094629156
1916-02-01,20.5039462915601
1916-03-01,26.536710997442455
1916-04-01,29.63847314578005
1916-05-01,31.552992327365732
1916-06-01,29.194841432225065
1916-07-01,28.24223017902813
1916-08-01,27.42982608695652
1916-09-01,27.304739130434783
1916-10-01,25.622695652173913
1916-11-01,21.51742966751918
1916-12-01,17.84990281329923
1917-01-01,18.189780051150898
1917-02-01,20.550498721227623
1917-03-01,24.38074680306905
1917-04-01,27.571631713554986
1917-05-01,28.648186700767265
1917-06-01,29.178823529411765
1917-07-01,27.93306905370844
1917-08-01,27.390905370843992
1917-09-01,26.692590792838875
1917-10-01,25.06370588235294
1917-11-01,21.020404092071608
1917-12-01,18.262506393861894
1918-01-01,17.30591304347826
1918-02-01,20.650953964194375
1918-03-01,25.054335038363174
1918-04-01,27.85998465473146
1918-05-01,31.04175703324808
1918-06-01,29.232693094629155
1918-07-01,29.45478516624041
1918-08-01,27.932306905370844
1918-09-01,27.826713554987215
1918-10-01,26.18452173913044
1918-11-01,22.487634271099747
1918-12-01,18.279398976982097
1919-01-01,18.897184143222507
1919-02-01,20.46137851662404
1919-03-01,25.511485933503835
1919-04-01,28.6076726342711
1919-05-01,30.95865728900256
1919-06-01,30.3920358056266
1919-07-01,28.06714833759591
1919-08-01,27.55161381074169
1919-09-01,27.294393861892583
1919-10-01,25.573378516624043
1919-11-01,22.18075191815857
1919-12-01,18.29936061381074
1920-01-01,18.64606905370844
1920-02-01,20.553462915601024
1920-03-01,25.233772378516626
1920-04-01,28.726314578005113
1920-05-01,30.027782608695652
1920-06-01,30.400470588235297
1920-07-01,28.19886956521739
1920-08-01,27.715867007672635
1920-09-01,28.046578005115087
1920-10-01,26.563342710997443
1920-11-01,22.747235294117647
1920-12-01,18.796115089514068
1921-01-01,18.92552685421995
1921-02-01,20.80198465473146
1921-03-01,26.764457800511508
1921-04-01,30.081667519181586
1921-05-01,32.8767442455243
1921-06-01,30.603537084398976
1921-07-01,28.831675191815854
1921-08-01,27.39771099744246
1921-09-01,27.03700255754476
1921-10-01,25.08727621483376
1921-11-01,21.40984143222506
1921-12-01,19.235608695652175
1922-01-01,18.221785166240412
1922-02-01,21.41733503836317
1922-03-01,25.948905370843992
1922-04-01,29.644964194373404
1922-05-01,31.709074168797954
1922-06-01,29.89999744245524
1922-07-01,28.131884910485937
1922-08-01,27.434086956521742
1922-09-01,27.085608695652173
1922-10-01,25.199222506393863
1922-11-01,21.850465473145782
1922-12-01,18.045687979539643
1923-01-01,18.340790281329923
1923-02-01,20.18297442455243
1923-03-01,25.204493606138108
1923-04-01,29.434836317135552
1923-05-01,31.143524296675192
1923-06-01,31.925953964194374
1923-07-01,28.185176470588235
1923-08-01,27.342393861892585
1923-09-01,27.41848593350384
1923-10-01,25.164406649616367
1923-11-01,21.81415601023018
1923-12-01,18.942531969309464
1924-01-01,18.22331969309463
1924-02-01,21.004230179028134
1924-03-01,26.46831202046036
1924-04-01,29.91976726342711
1924-05-01,30.7097979539642
1924-06-01,31.636808184143224
1924-07-01,28.377938618925835
1924-08-01,27.705414322250643
1924-09-01,26.85004347826087
1924-10-01,25.49459335038363
1924-11-01,21.513677749360614
1924-12-01,18.668470588235294
1925-01-01,17.154263427109974
1925-02-01,19.631048593350382
1925-03-01,25.39058056265985
1925-04-01,29.776434782608693
1925-05-01,30.678084398976985
1925-06-01,29.456048593350385
1925-07-01,27.6319462915601
1925-08-01,27.78292327365729
1925-09-01,27.867498721227623
1925-10-01,26.037416879795398
1925-11-01,21.935677749360615
1925-12-01,18.419805626598468
1926-01-01,18.67921739130435
1926-02-01,21.8123631713555
1926-03-01,24.68085166240409
1926-04-01,27.397590792838876
1926-05-01,30.450053708439896
1926-06-01,32.19686700767264
1926-07-01,28.860787723785165
1926-08-01,27.689368286445013
1926-09-01,27.246851662404094
1926-10-01,25.579951406649617
1926-11-01,20.95960358056266
1926-12-01,18.56013810741688
1927-01-01,18.139693094629155
1927-02-01,20.28268286445013
1927-03-01,24.525324808184145
1927-04-01,29.09188746803069
1927-05-01,30.902468030690535
1927-06-01,30.718984654731457
1927-07-01,28.184263427109975
1927-08-01,27.459529411764706
1927-09-01,27.59118925831202
1927-10-01,25.915797953964194
1927-11-01,21.427741687979537
1927-12-01,19.256404092071612
1928-01-01,18.546040920716113
1928-02-01,21.087063938618925
1928-03-01,25.588092071611253
1928-04-01,28.990757033248084
1928-05-01,31.9943452685422
1928-06-01,30.19573913043478
1928-07-01,28.225455242966753
1928-08-01,28.079360613810742
1928-09-01,27.86760613810742
1928-10-01,26.17282864450128
1928-11-01,22.461248081841433
1928-12-01,18.735
1929-01-01,18.422721227621484
1929-02-01,20.102641943734014
1929-03-01,26.1979820971867
1929-04-01,29.233856777493607
1929-05-01,32.11171099744246
1929-06-01,30.381401534526855
1929-07-01,28.19063171355499
1929-08-01,27.40006649616368
1929-09-01,27.855728900255755
1929-10-01,25.537000000000003
1929-11-01,22.332590792838875
1929-12-01,18.22350127877238
1930-01-01,18.03558567774936
1930-02-01,20.39730434782609
1930-03-01,25.636583120204605
1930-04-01,28.67460358056266
1930-05-01,31.148572890025576
1930-06-01,30.368531969309462
1930-07-01,27.943511508951406
1930-08-01,27.63994884910486
1930-09-01,27.792971867007672
1930-10-01,26.160634271099745
1930-11-01,21.606281329923274
1930-12-01,18.827350383631714
1931-01-01,19.446455242966753
1931-02-01,20.528746803069055
1931-03-01,25.01824040920716
1931-04-01,30.166772378516626
1931-05-01,31.633373401534527
1931-06-01,31.68213554987212
1931-07-01,28.466207161125322
1931-08-01,28.122179028132994
1931-09-01,27.448746803069056
1931-10-01,25.6413094629156
1931-11-01,21.897521739130436
1931-12-01,19.043987212276214
1932-01-01,19.372401534526855
1932-02-01,20.157194373401534
1932-03-01,25.394521739130433
1932-04-01,28.96464705882353
1932-05-01,31.058135549872123
1932-06-01,31.286800511508954
1932-07-01,28.462746803069052
1932-08-01,27.691355498721226
1932-09-01,27.75875191815857
1932-10-01,26.201534526854218
1932-11-01,22.121048593350384
1932-12-01,18.796994884910486
1933-01-01,17.685125319693096
1933-02-01,21.26761381074169
1933-03-01,25.32245524296675
1933-04-01,28.022235294117646
1933-05-01,29.559498721227623
1933-06-01,29.82287212276215
1933-07-01,28.18807928388747
1933-08-01,27.199746803069054
1933-09-01,27.104754475703327
1933-10-01,25.435138107416883
1933-11-01,21.981772378516624
1933-12-01,18.803764705882354
1934-01-01,17.555212276214835
1934-02-01,21.105470588235292
1934-03-01,24.823718670076726
1934-04-01,29.28728132992327
1934-05-01,31.408150895140665
1934-06-01,30.21726086956522
1934-07-01,28.211455242966753
1934-08-01,27.42531202046036
1934-09-01,27.644294117647057
1934-10-01,25.358503836317137
1934-11-01,21.3646010230179
1934-12-01,18.862475703324808
1935-01-01,17.42892327365729
1935-02-01,20.9186547314578
1935-03-01,25.217815856777495
1935-04-01,27.50397698209719
1935-05-01,32.07908184143223
1935-06-01,31.26460613810742
1935-07-01,28.17786189258312
1935-08-01,27.304452685421996
1935-09-01,27.1506189258312
1935-10-01,25.582787723785167
1935-11-01,22.060478260869566
1935-12-01,18.82522506393862
1936-01-01,17.98895652173913
1936-02-01,20.73727621483376
1936-03-01,25.205654731457802
1936-04-01,28.90617135549872
1936-05-01,31.66357800511509
1936-06-01,29.009048593350386
1936-07-01,28.069097186700766
1936-08-01,27.65286189258312
1936-09-01,27.4643094629156
1936-10-01,25.67562148337596
1936-11-01,22.40094884910486
1936-12-01,18.885677749360614
1937-01-01,17.622928388746804
1937-02-01,21.024662404092073
1937-03-01,24.415248081841433
1937-04-01,27.960002557544758
1937-05-01,31.193519181585682
1937-06-01,30.861158567774936
1937-07-01,28.08342199488491
1937-08-01,27.953629156010233
1937-09-01,27.70285421994885
1937-10-01,25.286900255754475
1937-11-01,22.095764705882353
1937-12-01,17.973976982097188
1938-01-01,18.807675191815857
1938-02-01,19.866667519181586
1938-03-01,26.47214833759591
1938-04-01,29.78366496163683
1938-05-01,31.58952685421995
1938-06-01,28.91149104859335
1938-07-01,28.115271099744245
1938-08-01,27.793744245524298
1938-09-01,27.85811253196931
1938-10-01,25.965603580562657
1938-11-01,21.204350383631713
1938-12-01,18.604838874680308
1939-01-01,18.984056265984655
1939-02-01,21.09854475703325
1939-03-01,24.11202301790281
1939-04-01,28.637562659846548
1939-05-01,31.911925831202048
1939-06-01,30.25198465473146
1939-07-01,28.201580562659846
1939-08-01,28.093913043478263
1939-09-01,27.62564705882353
1939-10-01,26.291721227621483
1939-11-01,21.957693094629157
1939-12-01,18.846309462915602
1940-01-01,18.139005115089514
1940-02-01,20.684529411764707
1940-03-01,23.958624040920718
1940-04-01,28.49729667519182
1940-05-01,31.510721227621485
1940-06-01,30.715
1940-07-01,28.318590792838872
1940-08-01,27.47574168797954
1940-09-01,27.603913043478265
1940-10-01,26.104895140664965
1940-11-01,22.958496163682867
1940-12-01,18.820677749360616
1941-01-01,18.433542199488492
1941-02-01,21.44462915601023
1941-03-01,26.766792838874682
1941-04-01,30.631460358056266
1941-05-01,32.017529411764706
1941-06-01,30.38440153452685
1941-07-01,29.0286368286445
1941-08-01,28.32486956521739
1941-09-01,27.954905370843992
1941-10-01,26.82134782608696
1941-11-01,22.44471867007673
1941-12-01,19.855846547314577
1942-01-01,18.136127877237854
1942-02-01,21.26012020460358
1942-03-01,26.095150895140666
1942-04-01,29.722115089514066
1942-05-01,32.17902046035806
1942-06-01,31.48190025575448
1942-07-01,28.069332480818414
1942-08-01,27.329818414322254
1942-09-01,27.09630179028133
1942-10-01,25.811324808184146
1942-11-01,22.55087723785166
1942-12-01,18.66969820971867
1943-01-01,19.113703324808185
1943-02-01,20.379230179028134
1943-03-01,25.657884910485933
1943-04-01,28.153281329923274
1943-05-01,31.34987979539642
1943-06-01,30.135058823529413
1943-07-01,27.98289514066496
1943-08-01,27.25202301790281
1943-09-01,27.43245012787724
1943-10-01,25.65731202046036
1943-11-01,22.61180051150895
1943-12-01,19.23809462915601
1944-01-01,18.272056265984656
1944-02-01,20.359020460358057
1944-03-01,24.20472378516624
1944-04-01,27.943012787723788
1944-05-01,32.206953964194376
1944-06-01,30.682493606138106
1944-07-01,27.96612020460358
1944-08-01,27.74221483375959
1944-09-01,27.554324808184145
1944-10-01,25.477485933503836
1944-11-01,22.241994884910486
1944-12-01,19.623368286445015
1945-01-01,17.40172378516624
1945-02-01,20.285744245524295
1945-03-01,25.73713043478261
1945-04-01,28.030265984654733
1945-05-01,31.28193350383632
1945-06-01,31.087537084398978
1945-07-01,28.21971099744246
1945-08-01,27.958841432225068
1945-09-01,27.36206905370844
1945-10-01,25.312682864450128
1945-11-01,21.709324808184142
1945-12-01,17.709063938618925
1946-01-01,18.408616368286445
1946-02-01,21.94454475703325
1946-03-01,25.334235294117647
1946-04-01,29.135048593350383
1946-05-01,31.14289769820972
1946-06-01,30.04297442455243
1946-07-01,28.141787723785168
1946-08-01,27.60979028132992
1946-09-01,27.531769820971867
1946-10-01,26.05103324808184
1946-11-01,22.264695652173916
1946-12-01,19.278780051150896
1947-01-01,18.31449104859335
1947-02-01,20.998470588235293
1947-03-01,25.806411764705885
1947-04-01,29.789475703324808
1947-05-01,31.935554987212274
1947-06-01,31.58775959079284
1947-07-01,28.57342710997443
1947-08-01,28.047746803069053
1947-09-01,27.279076726342712
1947-10-01,25.108764705882354
1947-11-01,22.506235294117648
1947-12-01,19.176406649616368
1948-01-01,18.867209718670075
1948-02-01,20.837409207161127
1948-03-01,25.003526854219952
1948-04-01,29.85679283887468
1948-05-01,32.104179028133
1948-06-01,31.308135549872123
1948-07-01,28.437677749360613
1948-08-01,27.555429667519185
1948-09-01,27.45901023017903
1948-10-01,26.10123529411765
1948-11-01,22.42379283887468
1948-12-01,18.42864450127877
1949-01-01,19.227383631713554
1949-02-01,20.711442455242967
1949-03-01,25.837212276214835
1949-04-01,29.378299232736577
1949-05-01,31.259754475703325
1949-06-01,30.52824040920716
1949-07-01,28.204790281329924
1949-08-01,27.824736572890025
1949-09-01,27.70554219948849
1949-10-01,26.168759590792842
1949-11-01,21.243030690537083
1949-12-01,18.16949104859335
1950-01-01,18.836547314578006
1950-02-01,19.91043989769821
1950-03-01,24.55780562659847
1950-04-01,28.77979028132992
1950-05-01,31.6996010230179
1950-06-01,30.64891560102302
1950-07-01,27.98184654731458
1950-08-01,27.615501278772378
1950-09-01,27.185572890025572
1950-10-01,25.352838874680305
1950-11-01,21.358928388746804
1950-12-01,18.179304347826086
1951-01-01,17.81922250639386
1951-02-01,20.744470588235295
1951-03-01,25.391437340153452
1951-04-01,28.078209718670077
1951-05-01,31.355744245524296
1951-06-01,30.59935294117647
1951-07-01,28.90630179028133
1951-08-01,28.023739130434784
1951-09-01,28.219943734015345
1951-10-01,27.55565728900256
1951-11-01,23.185010230179028
1951-12-01,19.079358056265985
1952-01-01,19.293772378516625
1952-02-01,22.256432225063936
1952-03-01,24.950455242966754
1952-04-01,29.743289002557546
1952-05-01,31.738557544757033
1952-06-01,30.593529411764706
1952-07-01,28.423074168797957
1952-08-01,27.54137851662404
1952-09-01,27.894890025575446
1952-10-01,26.159503836317135
1952-11-01,22.09108439897698
1952-12-01,19.39868286445013
1953-01-01,18.212754475703324
1953-02-01,22.245455242966752
1953-03-01,27.56856010230179
1953-04-01,29.692063938618926
1953-05-01,32.204726342711
1953-06-01,31.197805626598466
1953-07-01,28.273974424552428
1953-08-01,27.6879820971867
1953-09-01,27.599038363171356
1953-10-01,25.86397698209719
1953-11-01,22.083856777493608
1953-12-01,20.03742966751918
1954-01-01,17.946127877237853
1954-02-01,22.162237851662404
1954-03-01,25.691061381074167
1954-04-01,30.126616368286445
1954-05-01,32.38003069053708
1954-06-01,30.764368286445013
1954-07-01,28.334204603580567
1954-08-01,28.04525831202046
1954-09-01,27.418450127877236
1954-10-01,24.657813299232735
1954-11-01,21.57102557544757
1954-12-01,18.94535294117647
1955-01-01,18.576757033248082
1955-02-01,21.34647314578005
1955-03-01,26.604537084398977
1955-04-01,28.299404092071615
1955-05-01,31.02510485933504
1955-06-01,30.591989769820973
1955-07-01,28.428332480818415
1955-08-01,27.42284654731458
1955-09-01,27.497373401534528
1955-10-01,25.42630179028133
1955-11-01,21.59728388746803
1955-12-01,18.700204603580563
1956-01-01,18.593150895140667
1956-02-01,20.701820971867008
1956-03-01,25.94422506393862
1956-04-01,29.855895140664963
1956-05-01,31.830281329923277
1956-06-01,29.546419437340152
1956-07-01,27.464841432225064
1956-08-01,27.387744245524296
1956-09-01,27.47334271099744
1956-10-01,25.167700767263426
1956-11-01,21.6953631713555
1956-12-01,19.051524296675193
1957-01-01,18.536048593350383
1957-02-01,20.092204603580562
1957-03-01,24.270168797953964
1957-04-01,28.699468030690536
1957-05-01,31.332322250639386
1957-06-01,30.935813299232738
1957-07-01,28.515831202046037
1957-08-01,27.94842966751918
1957-09-01,27.68474168797954
1957-10-01,26.172652173913043
1957-11-01,22.82418925831202
1957-12-01,19.64456777493606
1958-01-01,19.86476470588235
1958-02-01,21.40349104859335
1958-03-01,26.23889002557545
1958-04-01,30.345721227621482
1958-05-01,32.02888746803069
1958-06-01,32.08660358056266
1958-07-01,28.488145780051152
1958-08-01,27.966260869565218
1958-09-01,27.581099744245527
1958-10-01,26.00294884910486
1958-11-01,22.755588235294116
1958-12-01,19.621317135549873
1959-01-01,18.968608695652176
1959-02-01,20.89419181585678
1959-03-01,26.06412787723785
1959-04-01,29.6116905370844
1959-05-01,31.681511508951406
1959-06-01,30.761140664961637
1959-07-01,28.07349104859335
1959-08-01,27.729046035805627
1959-09-01,27.515345268542198
1959-10-01,26.09551662404092
1959-11-01,22.28460613810742
1959-12-01,19.428237851662402
1960-01-01,18.401424552429667
1960-02-01,22.516606138107417
1960-03-01,24.810345268542203
1960-04-01,29.14787979539642
1960-05-01,31.669322250639386
1960-06-01,31.066815856777495
1960-07-01,28.464514066496164
1960-08-01,27.981365728900254
1960-09-01,27.923664961636828
1960-10-01,25.88767007672634
1960-11-01,21.893104859335036
1960-12-01,19.562831202046034
1961-01-01,19.010649616368287
1961-02-01,19.809877237851662
1961-03-01,26.237820971867006
1961-04-01,29.433097186700767
1961-05-01,31.468953964194377
1961-06-01,30.15386956521739
1961-07-01,28.11753708439898
1961-08-01,27.818273657289
1961-09-01,27.44928388746803
1961-10-01,25.411780051150895
1961-11-01,21.510519181585675
1961-12-01,17.488636828644502
1962-01-01,17.35058567774936
1962-02-01,21.125306905370845
1962-03-01,25.129572890025578
1962-04-01,29.26899744245524
1962-05-01,31.21658567774936
1962-06-01,30.729158567774938
1962-07-01,28.784974424552427
1962-08-01,27.772708439897702
1962-09-01,27.276373401534528
1962-10-01,25.16825063938619
1962-11-01,22.038910485933503
1962-12-01,18.953468030690537
1963-01-01,18.081368286445013
1963-02-01,21.89334782608696
1963-03-01,25.182754475703327
1963-04-01,28.39824296675192
1963-05-01,30.703166240409207
1963-06-01,30.365132992327364
1963-07-01,28.773263427109974
1963-08-01,27.6393989769821
1963-09-01,27.575000000000003
1963-10-01,26.197902813299237
1963-11-01,23.043884910485932
1963-12-01,19.381358056265984
1964-01-01,17.987074168797953
1964-02-01,21.213641943734014
1964-03-01,26.611186700767263
1964-04-01,29.849918158567775
1964-05-01,30.957447570332484
1964-06-01,30.687271099744244
1964-07-01,27.843649616368285
1964-08-01,27.647094629156012
1964-09-01,27.344217391304348
1964-10-01,26.076401534526852
1964-11-01,21.79599232736573
1964-12-01,18.926281329923274
1965-01-01,19.385874680306905
1965-02-01,21.015260869565218
1965-03-01,24.66028644501279
1965-04-01,28.07768030690537
1965-05-01,30.905038363171357
1965-06-01,31.220795396419437
1965-07-01,28.267716112531968
1965-08-01,27.737861892583123
1965-09-01,27.564125319693094
1965-10-01,26.31121483375959
1965-11-01,22.96796675191816
1965-12-01,19.05967007672634
1966-01-01,19.055739130434784
1966-02-01,22.545291560102303
1966-03-01,25.591217391304347
1966-04-01,29.445081841432224
1966-05-01,31.664488491048594
1966-06-01,30.57682864450128
1966-07-01,29.067838874680305
1966-08-01,27.928434782608697
1966-09-01,27.615867007672634
1966-10-01,26.144575447570332
1966-11-01,22.95708695652174
1966-12-01,18.808843989769823
1967-01-01,18.208900255754475
1967-02-01,22.128649616368286
1967-03-01,24.557317135549873
1967-04-01,28.467005115089513
1967-05-01,31.26487212276215
1967-06-01,30.97014066496164
1967-07-01,28.352306905370845
1967-08-01,27.404143222506395
1967-09-01,27.339322250639384
1967-10-01,25.537130434782608
1967-11-01,21.994713554987214
1967-12-01,19.731813299232737
1968-01-01,17.88745780051151
1968-02-01,20.166478260869564
1968-03-01,25.10323017902813
1968-04-01,28.485797953964195
1968-05-01,30.994815856777493
1968-06-01,30.481511508951407
1968-07-01,28.27827621483376
1968-08-01,27.785089514066495
1968-09-01,28.307411764705883
1968-10-01,25.55189002557545
1968-11-01,22.345122762148335
1968-12-01,19.16748337595908
1969-01-01,18.589884910485935
1969-02-01,21.75212276214834
1969-03-01,27.010544757033248
1969-04-01,29.69353708439898
1969-05-01,30.91914833759591
1969-06-01,31.18378772378517
1969-07-01,28.47338874680307
1969-08-01,27.698434782608697
1969-09-01,27.425966751918157
1969-10-01,26.223455242966754
1969-11-01,23.36430179028133
1969-12-01,19.407445012787722
1970-01-01,18.926092071611254
1970-02-01,21.098112531969313
1970-03-01,25.363874680306903
1970-04-01,29.83359335038363
1970-05-01,31.85360358056266
1970-06-01,29.661754475703326
1970-07-01,28.554624040920718
1970-08-01,27.667005115089516
1970-09-01,27.447299232736572
1970-10-01,26.100478260869565
1970-11-01,21.82535038363171
1970-12-01,18.538938618925833
1971-01-01,18.261363171355498
1971-02-01,20.982260869565216
1971-03-01,25.077910485933504
1971-04-01,28.97950383631714
1971-05-01,30.09939130434783
1971-06-01,29.000076726342712
1971-07-01,27.756941176470587
1971-08-01,27.20725831202046
1971-09-01,27.513979539641944
1971-10-01,25.585677749360613
1971-11-01,21.747015345268544
1971-12-01,18.748910485933504
1972-01-01,18.578849104859334
1972-02-01,19.575951406649615
1972-03-01,25.860667519181586
1972-04-01,28.78046803069054
1972-05-01,31.83121739130435
1972-06-01,31.678271099744244
1972-07-01,29.012567774936063
1972-08-01,27.903048593350384
1972-09-01,27.63869565217391
1972-10-01,25.937212276214836
1972-11-01,22.562276214833762
1972-12-01,19.83237084398977
1973-01-01,19.129616368286445
1973-02-01,22.365741687979543
1973-03-01,25.630102301790284
1973-04-01,30.744951406649616
1973-05-01,31.956186700767265
1973-06-01,30.606255754475704
1973-07-01,28.483611253196933
1973-08-01,27.479664961636832
1973-09-01,27.458961636828644
1973-10-01,25.72671867007673
1973-11-01,22.118421994884912
1973-12-01,18.486915601023018
1974-01-01,18.265728900255755
1974-02-01,20.725010230179027
1974-03-01,26.393104859335036
1974-04-01,30.061209718670078
1974-05-01,31.124782608695654
1974-06-01,30.597626598465475
1974-07-01,28.26253196930946
1974-08-01,27.956294117647058
1974-09-01,27.961913043478262
1974-10-01,26.310987212276213
1974-11-01,22.102350383631713
1974-12-01,18.23080818414322
1975-01-01,17.811278772378518
1975-02-01,20.916473145780053
1975-03-01,25.307787723785168
1975-04-01,29.89479028132992
1975-05-01,31.962196930946295
1975-06-01,30.271358056265985
1975-07-01,27.78911253196931
1975-08-01,27.61222506393862
1975-09-01,27.02810230179028
1975-10-01,26.25075703324808
1975-11-01,21.286815856777494
1975-12-01,18.541565217391305
1976-01-01,18.504718670076727
1976-02-01,21.25012276214834
1976-03-01,25.61948593350384
1976-04-01,28.759017902813298
1976-05-01,31.114736572890028
1976-06-01,30.011352941176472
1976-07-01,28.345053708439895
1976-08-01,27.174496163682868
1976-09-01,27.36829411764706
1976-10-01,26.593322250639385
1976-11-01,23.961769820971867
1976-12-01,19.631358056265984
1977-01-01,18.560631713554987
1977-02-01,21.65986189258312
1977-03-01,26.974281329923272
1977-04-01,28.94218414322251
1977-05-01,30.19737084398977
1977-06-01,30.120739130434785
1977-07-01,27.9493631713555
1977-08-01,27.773030690537084
1977-09-01,27.431306905370842
1977-10-01,26.132468030690536
1977-11-01,23.888173913043477
1977-12-01,19.557150895140666
1978-01-01,18.24678516624041
1978-02-01,20.605833759590794
1978-03-01,24.290624040920715
1978-04-01,29.078521739130434
1978-05-01,32.30056010230179
1978-06-01,30.078250639386187
1978-07-01,27.78218414322251
1978-08-01,27.45479539641944
1978-09-01,27.270040920716117
1978-10-01,26.204286445012787
1978-11-01,23.302892583120205
1978-12-01,19.295253196930947
1979-01-01,19.39613810741688
1979-02-01,20.56592327365729
1979-03-01,24.80076726342711
1979-04-01,29.73702301790281
1979-05-01,31.22587468030691
1979-06-01,31.343002557544757
1979-07-01,28.892797953964195
1979-08-01,28.172255754475707
1979-09-01,28.016099744245526
1979-10-01,26.724439897698208
1979-11-01,24.13509462915601
1979-12-01,19.897907928388747
1980-01-01,19.056260869565218
1980-02-01,22.019125319693096
1980-03-01,25.595455242966754
1980-04-01,30.543258312020463
1980-05-01,32.44902557544757
1980-06-01,30.006230179028133
1980-07-01,28.248350383631713
1980-08-01,27.83568030690537
1980-09-01,28.0316189258312
1980-10-01,26.523859335038363
1980-11-01,23.03794117647059
1980-12-01,19.537462915601022
1981-01-01,18.62340664961637
1981-02-01,21.78649360613811
1981-03-01,25.073601023017904
1981-04-01,29.282498721227622
1981-05-01,31.249245524296676
1981-06-01,31.16429923273657
1981-07-01,28.169358056265988
1981-08-01,27.88293350383632
1981-09-01,27.876478260869565
1981-10-01,26.125209718670078
1981-11-01,21.926079283887468
1981-12-01,18.96326598465473
1982-01-01,19.349567774936062
1982-02-01,20.860457800511508
1982-03-01,24.33662659846547
1982-04-01,28.68659590792839
1982-05-01,30.595874680306906
1982-06-01,30.690580562659846
1982-07-01,29.37914066496164
1982-08-01,27.839787723785165
1982-09-01,27.98920716112532
1982-10-01,26.51253196930946
1982-11-01,22.684370843989768
1982-12-01,19.63677749360614
1983-01-01,18.258350383631715
1983-02-01,20.669833759590794
1983-03-01,25.248997442455245
1983-04-01,28.019693094629158
1983-05-01,30.930138107416884
1983-06-01,31.117703324808186
1983-07-01,28.90746035805627
1983-08-01,28.000892583120205
1983-09-01,27.688583120204605
1983-10-01,25.556608695652173
1983-11-01,21.87769820971867
1983-12-01,18.99690537084399
1984-01-01,18.438332480818413
1984-02-01,20.15589002557545
1984-03-01,26.26516368286445
1984-04-01,29.69524296675192
1984-05-01,32.63812020460358
1984-06-01,30.36825063938619
1984-07-01,28.081713554987214
1984-08-01,27.64347314578005
1984-09-01,27.153503836317135
1984-10-01,25.92456265984655
1984-11-01,21.999434782608695
1984-12-01,19.66117902813299
1985-01-01,19.0890179028133
1985-02-01,21.512335038363172
1985-03-01,27.137063938618926
1985-04-01,29.919593350383632
1985-05-01,31.9074705882353
1985-06-01,30.638884910485935
1985-07-01,28.048115089514067
1985-08-01,27.841046035805626
1985-09-01,27.780253196930946
1985-10-01,25.2946726342711
1985-11-01,22.478404092071614
1985-12-01,20.144547314578006
1986-01-01,18.718843989769823
1986-02-01,21.078074168797954
1986-03-01,25.70876982097187
1986-04-01,29.369685421994888
1986-05-01,30.836982097186702
1986-06-01,30.74688491048593
1986-07-01,28.329056265984654
1986-08-01,27.89978516624041
1986-09-01,28.052040920716113
1986-10-01,26.061301790281334
1986-11-01,23.280434782608694
1986-12-01,19.32137851662404
1987-01-01,19.131265984654732
1987-02-01,21.89594117647059
1987-03-01,25.876286445012788
1987-04-01,29.73987979539642
1987-05-01,30.707739130434785
1987-06-01,31.67679028132992
1987-07-01,29.69712276214834
1987-08-01,28.86738874680307
1987-09-01,28.82713810741688
1987-10-01,26.787624040920715
1987-11-01,23.22425831202046
1987-12-01,19.674452685421997
1988-01-01,19.68985421994885
1988-02-01,22.433780051150897
1988-03-01,25.88768286445013
1988-04-01,29.984762148337595
1988-05-01,32.62464961636829
1988-06-01,30.749713554987213
1988-07-01,28.263168797953963
1988-08-01,27.96689769820972
1988-09-01,28.277468030690535
1988-10-01,26.17701534526854
1988-11-01,22.567498721227622
1988-12-01,19.873987212276216
1989-01-01,18.157296675191816
1989-02-01,20.98454219948849
1989-03-01,25.122859335038363
1989-04-01,29.17297186700767
1989-05-01,31.907928388746804
1989-06-01,29.966815856777494
1989-07-01,28.460583120204603
1989-08-01,27.838639386189257
1989-09-01,27.829726342710998
1989-10-01,26.420030690537086
1989-11-01,22.959670076726344
1989-12-01,19.134332480818415
1990-01-01,19.898611253196933
1990-02-01,21.5680358056266
1990-03-01,24.543754475703324
1990-04-01,29.185918158567773
1990-05-01,30.67500511508951
1990-06-01,30.41854219948849
1990-07-01,27.9299641943734
1990-08-01,27.95102813299233
1990-09-01,27.68589002557545
1990-10-01,25.51123273657289
1990-11-01,23.190273657289005
1990-12-01,19.747746803069056
1991-01-01,18.53696675191816
1991-02-01,22.03287979539642
1991-03-01,25.979969309462916
1991-04-01,28.984386189258313
1991-05-01,31.971703324808182
1991-06-01,30.439130434782612
1991-07-01,29.07885421994885
1991-08-01,27.799616368286443
1991-09-01,27.99920716112532
1991-10-01,25.908263427109972
1991-11-01,22.217820971867006
1991-12-01,19.209961636828645
1992-01-01,18.635427109974426
1992-02-01,20.565439897698212
1992-03-01,25.806572890025578
1992-04-01,29.43683375959079
1992-05-01,31.079391304347826
1992-06-01,31.290723785166243
1992-07-01,28.765081841432227
1992-08-01,27.75624296675192
1992-09-01,27.582757033248082
1992-10-01,25.981416879795397
1992-11-01,22.708667519181585
1992-12-01,19.377209718670077
1993-01-01,18.90506138107417
1993-02-01,21.98518158567775
1993-03-01,24.6173452685422
1993-04-01,29.064920716112532
1993-05-01,31.90115601023018
1993-06-01,30.873235294117645
1993-07-01,28.719322250639383
1993-08-01,28.430900255754477
1993-09-01,27.420997442455246
1993-10-01,26.362081841432225
1993-11-01,23.037012787723786
1993-12-01,19.473071611253197
1994-01-01,19.61433759590793
1994-02-01,20.977708439897697
1994-03-01,26.623588235294118
1994-04-01,28.697368286445013
1994-05-01,32.22681841432225
1994-06-01,30.647652173913045
1994-07-01,28.035667519181587
1994-08-01,27.734329923273656
1994-09-01,27.62114578005115
1994-10-01,25.948762148337597
1994-11-01,22.61483375959079
1994-12-01,19.200332480818414
1995-01-01,17.8476905370844
1995-02-01,21.344427109974426
1995-03-01,25.07057033248082
1995-04-01,29.29627621483376
1995-05-01,31.918089514066494
1995-06-01,31.99581841432225
1995-07-01,28.73559335038363
1995-08-01,28.075025575447572
1995-09-01,28.011554987212275
1995-10-01,26.628478260869567
1995-11-01,22.82011253196931
1995-12-01,19.86121739130435
1996-01-01,19.253700767263428
1996-02-01,21.71327621483376
1996-03-01,26.58063938618926
1996-04-01,29.4242915601023
1996-05-01,32.10652429667519
1996-06-01,30.47874936061381
1996-07-01,28.753445012787722
1996-08-01,27.520212276214835
1996-09-01,27.86846291560102
1996-10-01,25.754475703324808
1996-11-01,22.56345012787724
1996-12-01,19.01579283887468
1997-01-01,18.208460358056264
1997-02-01,20.80260869565217
1997-03-01,25.730606138107415
1997-04-01,27.752731457800515
1997-05-01,30.95911253196931
1997-06-01,30.57883631713555
1997-07-01,28.912884910485932
1997-08-01,28.133618925831204
1997-09-01,27.933309462915602
1997-10-01,25.345593350383634
1997-11-01,23.164089514066497
1997-12-01,19.071524296675193
1998-01-01,18.870462915601024
1998-02-01,21.73171611253197
1998-03-01,24.782687979539645
1998-04-01,29.749271099744245
1998-05-01,32.558895140664966
1998-06-01,31.718843989769823
1998-07-01,28.911861892583122
1998-08-01,28.53063171355499
1998-09-01,28.07735549872123
1998-10-01,26.7019820971867
1998-11-01,23.476383631713553
1998-12-01,19.51890537084399
1999-01-01,18.429782608695653
1999-02-01,22.492386189258315
1999-03-01,26.624253196930947
1999-04-01,30.746046035805627
1999-05-01,31.373485933503837
1999-06-01,30.23839130434783
1999-07-01,28.743058823529413
1999-08-01,28.130913043478262
1999-09-01,27.90981074168798
1999-10-01,26.301168797953963
1999-11-01,23.2479462915601
1999-12-01,19.659209718670077
2000-01-01,19.273028132992327
2000-02-01,20.57376470588235
2000-03-01,25.255521739130433
2000-04-01,30.32550127877238
2000-05-01,31.50359846547315
2000-06-01,29.88795907928389
2000-07-01,28.376777493606138
2000-08-01,28.27506649616368
2000-09-01,27.987194373401536
2000-10-01,27.08174936061381
2000-11-01,23.61743734015345
2000-12-01,19.616176470588236
2001-01-01,18.65621739130435
2001-02-01,22.176258312020458
2001-03-01,25.88441432225064
2001-04-01,29.22990537084399
2001-05-01,31.64793350383632
2001-06-01,29.399639386189257
2001-07-01,28.357877237851664
2001-08-01,28.3136905370844
2001-09-01,28.626611253196934
2001-10-01,26.727979539641943
2001-11-01,23.641181585677746
2001-12-01,19.8823989769821
2002-01-01,19.006273657289004
2002-02-01,21.763826086956524
2002-03-01,26.382797953964197
2002-04-01,30.16582608695652
2002-05-01,32.29466240409207
2002-06-01,30.817186700767266
2002-07-01,30.10215601023018
2002-08-01,28.129158567774937
2002-09-01,27.834667519181586
2002-10-01,26.815176470588238
2002-11-01,23.19741432225064
2002-12-01,20.37375191815857
2003-01-01,18.49326854219949
2003-02-01,22.15150639386189
2003-03-01,25.68350895140665
2003-04-01,30.183015345268544
2003-05-01,32.11204347826087
2003-06-01,31.487503836317135
2003-07-01,28.589092071611255
2003-08-01,28.224248081841434
2003-09-01,27.799831202046036
2003-10-01,26.18745780051151
2003-11-01,23.099015345268544
2003-12-01,19.514877237851664
2004-01-01,18.59339641943734
2004-02-01,21.748168797953962
2004-03-01,27.490626598465475
2004-04-01,30.21195652173913
2004-05-01,31.543411764705883
2004-06-01,30.107322250639385
2004-07-01,28.937306905370846
2004-08-01,28.045846547314575
2004-09-01,28.227099744245525
2004-10-01,25.577997442455242
2004-11-01,22.941040920716112
2004-12-01,20.011120204603582
2005-01-01,19.010196930946293
2005-02-01,21.888273657289005
2005-03-01,26.395035805626602
2005-04-01,29.344856777493607
2005-05-01,31.539767263427112
2005-06-01,31.85020971867008
2005-07-01,28.363025575447573
2005-08-01,28.446301790281332
2005-09-01,27.93680818414322
2005-10-01,26.010608695652174
2005-11-01,22.286480818414326
2005-12-01,19.075480818414324
2006-01-01,19.30084398976982
2006-02-01,23.7112915601023
2006-03-01,25.56878516624041
2006-04-01,29.622271099744246
2006-05-01,31.600074168797956
2006-06-01,30.371657289002556
2006-07-01,28.753
2006-08-01,27.990462915601025
2006-09-01,28.103797953964193
2006-10-01,26.772762148337595
2006-11-01,23.31214833759591
2006-12-01,20.031329923273656
2007-01-01,19.234406649616368
2007-02-01,21.67142199488491
2007-03-01,25.521181585677752
2007-04-01,30.267749360613813
2007-05-01,31.934063938618927
2007-06-01,30.69794884910486
2007-07-01,28.7570179028133
2007-08-01,28.378892583120205
2007-09-01,28.003595907928393
2007-10-01,26.254716112531973
2007-11-01,23.15118925831202
2007-12-01,19.63877749360614
2008-01-01,18.809135549872124
2008-02-01,20.448350383631713
2008-03-01,26.42222250639386
2008-04-01,29.422751918158568
2008-05-01,31.402020460358056
2008-06-01,29.301345268542203
2008-07-01,28.48125831202046
2008-08-01,27.862033248081843
2008-09-01,27.855196930946292
2008-10-01,26.613685421994887
2008-11-01,23.303902813299235
2008-12-01,20.73850127877238
2009-01-01,20.06907928388747
2009-02-01,22.90774936061381
2009-03-01,26.55219693094629
2009-04-01,30.294964194373403
2009-05-01,31.745365728900257
2009-06-01,31.877416879795394
2009-07-01,29.07413810741688
2009-08-01,28.83140664961637
2009-09-01,28.48123529411765
2009-10-01,26.261179028132997
2009-11-01,23.05399232736573
2009-12-01,20.088703324808183
2010-01-01,18.41132992327366
2010-02-01,22.284427109974423
2010-03-01,27.927659846547314
2010-04-01,31.521797953964196
2010-05-01,32.57716368286445
2010-06-01,31.43284654731458
2010-07-01,28.83983631713555
2010-08-01,28.31187979539642
2010-09-01,27.772797953964197
2010-10-01,26.722953964194375
2010-11-01,23.77707672634271
2010-12-01,19.018767263427108
2011-01-01,17.946219948849105
2011-02-01,21.565196930946293
2011-03-01,26.112693094629158
2011-04-01,28.804882352941178
2011-05-01,31.740485933503837
2011-06-01,30.212375959079285
2011-07-01,28.59281074168798
2011-08-01,27.942409207161127
2011-09-01,27.83177749360614
2011-10-01,26.628754475703328
2011-11-01,23.550225063938623
2011-12-01,19.638158567774937
2012-01-01,18.33984654731458
2012-02-01,21.321051150895144
2012-03-01,25.941030690537087
2012-04-01,29.634212276214836
2012-05-01,32.3355831202046
2012-06-01,32.21754219948849
2012-07-01,29.189191815856777
2012-08-01,28.2112915601023
2012-09-01,28.151716112531968
2012-10-01,26.18606905370844
2012-11-01,22.7283094629156
2012-12-01,20.038867007672636
2013-01-01,18.503820971867007
2013-02-01,21.650473145780055
2013-03-01,26.101769820971867
2013-04-01,29.570910485933506
2013-05-01,32.427470588235295
2013-06-01,30.151109974424553
2013-07-01,28.478342710997445
2013-08-01,28.029590792838874
2013-09-01,
