date,United States_AverageTemperature
1743-11-01,5.818071428571429
1743-12-01,
1744-01-01,
1744-02-01,
1744-03-01,
1744-04-01,12.760438775510206
1744-05-01,17.082938775510204
1744-06-01,22.232969387755105
1744-07-01,23.49945918367347
1744-08-01,
1744-09-01,17.393010204081634
1744-10-01,11.316857142857142
1744-11-01,6.014591836734694
1744-12-01,0.5653775510204082
1745-01-01,0.18809183673469387
1745-02-01,0.8141122448979592
1745-03-01,4.333112244897959
1745-04-01,10.821163265306122
1745-05-01,
1745-06-01,
1745-07-01,
1745-08-01,
1745-09-01,
1745-10-01,
1745-11-01,
1745-12-01,
1746-01-01,
1746-02-01,
1746-03-01,
1746-04-01,
1746-05-01,
1746-06-01,
1746-07-01,
1746-08-01,
1746-09-01,
1746-10-01,
1746-11-01,
1746-12-01,
1747-01-01,
1747-02-01,
1747-03-01,
1747-04-01,
1747-05-01,
1747-06-01,
1747-07-01,
1747-08-01,
1747-09-01,
1747-10-01,
1747-11-01,
1747-12-01,
1748-01-01,
1748-02-01,
1748-03-01,
1748-04-01,
1748-05-01,
1748-06-01,
1748-07-01,
1748-08-01,
1748-09-01,
1748-10-01,
1748-11-01,
1748-12-01,
1749-01-01,
1749-02-01,
1749-03-01,
1749-04-01,
1749-05-01,
1749-06-01,
1749-07-01,
1749-08-01,
1749-09-01,
1749-10-01,
1749-11-01,
1749-12-01,
1750-01-01,-0.4869183673469389
1750-02-01,1.1480918367346942
1750-03-01,6.046132653061224
1750-04-01,11.390275510204082
1750-05-01,17.337408163265305
1750-06-01,20.801061224489796
1750-07-01,25.52065306122449
1750-08-01,23.76918367346939
1750-09-01,19.131591836734692
1750-10-01,11.086653061224489
1750-11-01,
1750-12-01,1.2740918367346938
1751-01-01,-0.28297959183673466
1751-02-01,0.6585612244897958
1751-03-01,6.517265306122449
1751-04-01,10.718357142857144
1751-05-01,
1751-06-01,22.211326530612244
1751-07-01,24.185316326530614
1751-08-01,23.266357142857142
1751-09-01,17.851602040816328
1751-10-01,
1751-11-01,
1751-12-01,
1752-01-01,-3.673857142857143
1752-02-01,
1752-03-01,6.6328367346938775
1752-04-01,10.286704081632653
1752-05-01,
1752-06-01,
1752-07-01,
1752-08-01,
1752-09-01,
1752-10-01,11.791132653061224
1752-11-01,8.20445918367347
1752-12-01,1.8187142857142855
1753-01-01,-0.21545918367346945
1753-02-01,1.2298469387755102
1753-03-01,7.204071428571429
1753-04-01,10.83088775510204
1753-05-01,17.571959183673467
1753-06-01,22.606969387755104
1753-07-01,24.083122448979594
1753-08-01,22.95084693877551
1753-09-01,18.069183673469386
1753-10-01,12.945122448979593
1753-11-01,5.987081632653061
1753-12-01,-0.5325204081632653
1754-01-01,0.2554081632653061
1754-02-01,-0.2010510204081632
1754-03-01,5.589642857142857
1754-04-01,
1754-05-01,
1754-06-01,22.05470408163265
1754-07-01,23.972479591836734
1754-08-01,22.888295918367344
1754-09-01,18.298408163265304
1754-10-01,13.866173469387755
1754-11-01,
1754-12-01,2.1751938775510204
1755-01-01,-0.5663061224489796
1755-02-01,0.7928571428571429
1755-03-01,4.5668061224489795
1755-04-01,11.683367346938775
1755-05-01,17.71395918367347
1755-06-01,22.312591836734693
1755-07-01,
1755-08-01,
1755-09-01,18.422336734693875
1755-10-01,11.579918367346938
1755-11-01,6.400142857142857
1755-12-01,0.29822448979591837
1756-01-01,1.2516632653061224
1756-02-01,4.1088775510204085
1756-03-01,
1756-04-01,
1756-05-01,
1756-06-01,22.40059183673469
1756-07-01,23.806489795918367
1756-08-01,22.596255102040818
1756-09-01,19.485826530612247
1756-10-01,11.888581632653061
1756-11-01,5.313948979591837
1756-12-01,-0.2360204081632653
1757-01-01,-2.009183673469388
1757-02-01,2.2922755102040817
1757-03-01,5.599183673469388
1757-04-01,10.674000000000001
1757-05-01,17.87814285714286
1757-06-01,24.580744897959185
1757-07-01,26.298132653061227
1757-08-01,23.265969387755103
1757-09-01,
1757-10-01,11.313102040816327
1757-11-01,5.273734693877551
1757-12-01,0.3129081632653061
1758-01-01,-2.723744897959184
1758-02-01,-0.17720408163265305
1758-03-01,6.290427419354839
1758-04-01,11.616274193548389
1758-05-01,16.620919354838712
1758-06-01,21.720459677419356
1758-07-01,23.54041935483871
1758-08-01,21.49008870967742
1758-09-01,18.055500000000002
1758-10-01,9.028632653061225
1758-11-01,7.873330645161291
1758-12-01,1.948806451612903
1759-01-01,2.4679112903225806
1759-02-01,4.854637096774193
1759-03-01,7.345661290322581
1759-04-01,11.277959677419355
1759-05-01,17.383322580645164
1759-06-01,21.86642741935484
1759-07-01,22.205032258064517
1759-08-01,23.079967741935484
1759-09-01,19.925338709677423
1759-10-01,13.88641935483871
1759-11-01,7.292233870967742
1759-12-01,-0.7953467741935488
1760-01-01,-0.38524193548387087
1760-02-01,1.7027142857142856
1760-03-01,3.9406836734693877
1760-04-01,10.908306122448979
1760-05-01,16.07761224489796
1760-06-01,19.989357142857145
1760-07-01,
1760-08-01,23.072051020408164
1760-09-01,18.33654081632653
1760-10-01,11.433214285714286
1760-11-01,5.858581632653061
1760-12-01,0.4078979591836734
1761-01-01,-3.2214081632653064
1761-02-01,1.3693367346938778
1761-03-01,6.855244897959183
1761-04-01,10.46630612244898
1761-05-01,19.65864285714286
1761-06-01,26.463938775510204
1761-07-01,29.88291836734694
1761-08-01,23.14908163265306
1761-09-01,18.527551020408165
1761-10-01,
1761-11-01,6.2581734693877555
1761-12-01,-2.75365306122449
1762-01-01,
1762-02-01,1.806408163265306
1762-03-01,4.175408163265306
1762-04-01,11.752081632653061
1762-05-01,17.05961224489796
1762-06-01,22.204316326530613
1762-07-01,24.805938775510203
1762-08-01,
1762-09-01,18.097908163265306
1762-10-01,10.89484693877551
1762-11-01,6.829979591836734
1762-12-01,1.458765306122449
1763-01-01,-2.6747755102040816
1763-02-01,-0.43854081632653064
1763-03-01,3.4073877551020404
1763-04-01,10.612438775510205
1763-05-01,16.040020408163265
1763-06-01,20.848673469387755
1763-07-01,
1763-08-01,22.799469387755103
1763-09-01,18.376214285714283
1763-10-01,
1763-11-01,5.487520408163266
1763-12-01,2.5138979591836734
1764-01-01,-0.18330612244897962
1764-02-01,4.230163265306123
1764-03-01,5.869846938775511
1764-04-01,
1764-05-01,
1764-06-01,19.474102040816327
1764-07-01,22.159622448979594
1764-08-01,22.012051020408165
1764-09-01,17.667244897959186
1764-10-01,15.000234693877552
1764-11-01,7.9906530612244895
1764-12-01,5.011285714285714
1765-01-01,0.09002040816326541
1765-02-01,2.5770612244897957
1765-03-01,7.143551020408163
1765-04-01,12.403244897959183
1765-05-01,17.16248979591837
1765-06-01,
1765-07-01,22.914479591836738
1765-08-01,22.85464285714286
1765-09-01,18.7715306122449
1765-10-01,12.290061224489795
1765-11-01,7.468989795918367
1765-12-01,2.014622448979592
1766-01-01,-1.7312448979591837
1766-02-01,3.6635714285714287
1766-03-01,6.061826530612245
1766-04-01,11.26115306122449
1766-05-01,17.163326530612245
1766-06-01,22.02838775510204
1766-07-01,23.321877551020407
1766-08-01,23.820744897959184
1766-09-01,20.455591836734694
1766-10-01,12.627683673469386
1766-11-01,8.55495918367347
1766-12-01,1.3780816326530612
1767-01-01,-1.0614489795918367
1767-02-01,1.5078979591836734
1767-03-01,6.32234693877551
1767-04-01,10.608489795918368
1767-05-01,15.838316326530611
1767-06-01,
1767-07-01,23.2760306122449
1767-08-01,24.44822448979592
1767-09-01,18.726693877551018
1767-10-01,12.955714285714286
1767-11-01,8.471755102040817
1767-12-01,0.302530612244898
1768-01-01,-0.5145322580645163
1768-02-01,3.81975
1768-03-01,4.951548387096774
1768-04-01,10.684040322580644
1768-05-01,16.29575
1768-06-01,20.58326612903226
1768-07-01,23.362129032258064
1768-08-01,22.672491935483873
1768-09-01,18.95936290322581
1768-10-01,12.673435483870968
1768-11-01,6.890556451612903
1768-12-01,2.358290322580645
1769-01-01,1.7450161290322581
1769-02-01,2.091137096774194
1769-03-01,6.431483870967742
1769-04-01,12.464741935483872
1769-05-01,18.30909677419355
1769-06-01,23.579379032258064
1769-07-01,24.73
1769-08-01,23.73242741935484
1769-09-01,19.118785714285714
1769-10-01,10.325051020408164
1769-11-01,5.930491935483871
1769-12-01,1.0686612903225805
1770-01-01,0.6058870967741935
1770-02-01,3.7395806451612903
1770-03-01,4.3677822580645165
1770-04-01,13.259177419354838
1770-05-01,17.296379032258066
1770-06-01,21.527395161290322
1770-07-01,23.18816129032258
1770-08-01,22.770201612903225
1770-09-01,19.367806451612903
1770-10-01,12.979314516129032
1770-11-01,8.420250000000001
1770-12-01,3.9954274193548387
1771-01-01,4.727080645161291
1771-02-01,0.5498145161290323
1771-03-01,6.663298387096774
1771-04-01,11.697016129032258
1771-05-01,18.097072580645165
1771-06-01,22.880483870967744
1771-07-01,24.193548387096776
1771-08-01,24.87966129032258
1771-09-01,20.106072580645165
1771-10-01,15.995080645161291
1771-11-01,9.234758064516129
1771-12-01,2.733161290322581
1772-01-01,-0.6284693877551021
1772-02-01,0.7501122448979592
1772-03-01,2.9958265306122445
1772-04-01,11.87215306122449
1772-05-01,15.873377551020408
1772-06-01,20.879316326530613
1772-07-01,24.260867346938777
1772-08-01,23.179285714285715
1772-09-01,17.707132653061223
1772-10-01,13.911561224489796
1772-11-01,8.87515306122449
1772-12-01,5.369346938775511
1773-01-01,0.5909516129032258
1773-02-01,0.616991935483871
1773-03-01,6.881733870967742
1773-04-01,13.669911290322581
1773-05-01,19.345830645161293
1773-06-01,22.279887096774196
1773-07-01,25.063354838709678
1773-08-01,23.91087096774194
1773-09-01,20.261897959183674
1773-10-01,14.879548387096774
1773-11-01,5.934051020408163
1773-12-01,4.413408163265307
1774-01-01,-2.9291326530612247
1774-02-01,2.1971938775510202
1774-03-01,6.116704081632653
1774-04-01,14.656591836734695
1774-05-01,
1774-06-01,22.321336734693876
1774-07-01,25.066091836734692
1774-08-01,23.522622448979593
1774-09-01,18.67431632653061
1774-10-01,13.876254716981132
1774-11-01,5.466481132075471
1774-12-01,-0.5355377358490566
1775-01-01,3.424782258064516
1775-02-01,6.175806451612904
1775-03-01,9.343975806451613
1775-04-01,11.951244444444445
1775-05-01,18.932281481481482
1775-06-01,20.879282258064517
1775-07-01,24.538790322580645
1775-08-01,23.745887096774194
1775-09-01,19.04403703703704
1775-10-01,14.50245925925926
1775-11-01,9.8622
1775-12-01,-0.3378867924528303
1776-01-01,-2.7282830188679243
1776-02-01,1.3078207547169811
1776-03-01,4.258528301886792
1776-04-01,10.377358490566039
1776-05-01,13.166571428571428
1776-06-01,22.673782258064517
1776-07-01,23.78278225806452
1776-08-01,23.594235849056606
1776-09-01,19.451696296296294
1776-10-01,13.550548148148149
1776-11-01,8.508925925925926
1776-12-01,4.1803333333333335
1777-01-01,1.981877358490566
1777-02-01,1.7609905660377358
1777-03-01,5.28311320754717
1777-04-01,9.123754716981132
1777-05-01,15.769679245283019
1777-06-01,20.631
1777-07-01,21.5755
1777-08-01,23.003806451612906
1777-09-01,17.89548113207547
1777-10-01,11.251528301886793
1777-11-01,5.458867924528302
1777-12-01,2.430354838709677
1778-01-01,-0.3300094339622642
1778-02-01,-1.456607142857143
1778-03-01,-0.3423214285714286
1778-04-01,10.198071428571428
1778-05-01,16.300443396226417
1778-06-01,19.70719811320755
1778-07-01,
1778-08-01,
1778-09-01,18.50492857142857
1778-10-01,12.585179245283019
1778-11-01,4.4691226415094345
1778-12-01,-0.6176698113207548
1779-01-01,-1.8479716981132077
1779-02-01,3.5140849056603773
1779-03-01,5.487783018867925
1779-04-01,9.385821428571429
1779-05-01,17.333785714285714
1779-06-01,18.42907142857143
1779-07-01,21.270714285714288
1779-08-01,21.12275
1779-09-01,17.415607142857144
1779-10-01,10.261857142857142
1779-11-01,3.036892857142857
1779-12-01,-4.632964285714286
1780-01-01,-5.348571428571428
1780-02-01,-2.4115
1780-03-01,1.2199285714285715
1780-04-01,14.252178571428571
1780-05-01,19.75132142857143
1780-06-01,21.548821428571426
1780-07-01,24.28064285714286
1780-08-01,20.848285714285716
1780-09-01,
1780-10-01,
1780-11-01,
1780-12-01,
1781-01-01,2.857905982905983
1781-02-01,3.210777777777778
1781-03-01,6.927376068376069
1781-04-01,11.12582905982906
1781-05-01,17.793641025641026
1781-06-01,20.966350427350427
1781-07-01,24.891512820512823
1781-08-01,24.204529914529918
1781-09-01,17.99898245614035
1781-10-01,13.077438596491227
1781-11-01,6.868421052631579
1781-12-01,1.8529298245614036
1782-01-01,-2.2576491228070177
1782-02-01,-0.561421052631579
1782-03-01,3.5106403508771926
1782-04-01,12.607447368421052
1782-05-01,17.528807017543862
1782-06-01,22.632280701754386
1782-07-01,23.360868421052633
1782-08-01,25.129504273504274
1782-09-01,20.683760683760685
1782-10-01,12.856299145299145
1782-11-01,6.704119658119658
1782-12-01,1.542478632478632
1783-01-01,-1.4202564102564104
1783-02-01,4.684478632478632
1783-03-01,6.252410256410257
1783-04-01,12.249213675213674
1783-05-01,18.492982905982906
1783-06-01,23.328239316239316
1783-07-01,23.155153846153848
1783-08-01,23.63526495726496
1783-09-01,17.44848717948718
1783-10-01,11.968162393162395
1783-11-01,4.657435897435897
1783-12-01,1.8834444444444443
1784-01-01,-0.16540170940170928
1784-02-01,-0.6921282051282052
1784-03-01,5.4013333333333335
1784-04-01,10.78760683760684
1784-05-01,16.916418803418804
1784-06-01,21.905982905982906
1784-07-01,24.3934358974359
1784-08-01,25.17669230769231
1784-09-01,19.06694871794872
1784-10-01,12.124076923076924
1784-11-01,8.203205128205129
1784-12-01,1.935897435897436
1785-01-01,-0.12868376068376058
1785-02-01,1.3944273504273506
1785-03-01,2.8977948717948716
1785-04-01,10.962905982905983
1785-05-01,16.276282051282053
1785-06-01,23.163299145299145
1785-07-01,24.28559829059829
1785-08-01,23.93453846153846
1785-09-01,18.216871794871796
1785-10-01,12.452290598290599
1785-11-01,7.813598290598291
1785-12-01,2.026846153846154
1786-01-01,-0.8355042735042736
1786-02-01,2.5213504273504275
1786-03-01,8.127940170940171
1786-04-01,12.14542735042735
1786-05-01,17.5578547008547
1786-06-01,22.575700854700855
1786-07-01,24.842025641025643
1786-08-01,23.49040170940171
1786-09-01,20.437649572649573
1786-10-01,13.566393162393164
1786-11-01,5.6612905982905986
1786-12-01,-0.37211965811965825
1787-01-01,1.9590341880341882
1787-02-01,2.2891196581196582
1787-03-01,7.393555555555556
1787-04-01,12.063282051282052
1787-05-01,17.34968376068376
1787-06-01,22.101008547008547
1787-07-01,23.19546153846154
1787-08-01,23.199153846153845
1787-09-01,18.30379487179487
1787-10-01,11.859017094017092
1787-11-01,8.28448717948718
1787-12-01,2.0217094017094013
1788-01-01,-0.3406410256410256
1788-02-01,2.291769230769231
1788-03-01,6.92017094017094
1788-04-01,12.89068376068376
1788-05-01,17.37317094017094
1788-06-01,22.464128205128205
1788-07-01,25.964094017094016
1788-08-01,23.922222222222224
1788-09-01,20.005
1788-10-01,15.520717948717948
1788-11-01,9.426923076923078
1788-12-01,0.19005128205128208
1789-01-01,1.9687350427350425
1789-02-01,0.6818717948717947
1789-03-01,5.883606837606838
1789-04-01,11.693025641025642
1789-05-01,17.296196581196583
1789-06-01,22.447162393162394
1789-07-01,25.265760683760686
1789-08-01,24.302743589743592
1789-09-01,19.97096581196581
1789-10-01,11.631538461538462
1789-11-01,8.25305982905983
1789-12-01,3.997863247863248
1790-01-01,2.6169999999999995
1790-02-01,3.05108547008547
1790-03-01,6.429615384615384
1790-04-01,10.318991452991453
1790-05-01,17.526606837606835
1790-06-01,23.102786324786322
1790-07-01,23.59245299145299
1790-08-01,23.92620512820513
1790-09-01,19.804000000000002
1790-10-01,13.737529914529913
1790-11-01,7.395393162393162
1790-12-01,0.8688717948717947
1791-01-01,1.9660256410256411
1791-02-01,1.8505555555555555
1791-03-01,8.162777777777777
1791-04-01,12.868811965811966
1791-05-01,17.92075213675214
1791-06-01,22.224076923076925
1791-07-01,23.482974358974356
1791-08-01,23.577606837606837
1791-09-01,19.012418803418804
1791-10-01,12.21459829059829
1791-11-01,7.89431623931624
1791-12-01,2.9702905982905983
1792-01-01,-1.9341367521367525
1792-02-01,2.6147350427350426
1792-03-01,7.174085470085471
1792-04-01,12.08751282051282
1792-05-01,18.231435897435897
1792-06-01,21.871324786324788
1792-07-01,23.645094017094017
1792-08-01,22.063683760683762
1792-09-01,19.05851282051282
1792-10-01,13.522435897435898
1792-11-01,7.467692307692308
1792-12-01,1.970589743589743
1793-01-01,1.1000256410256406
1793-02-01,3.7598803418803426
1793-03-01,7.246452991452991
1793-04-01,13.031905982905982
1793-05-01,18.239290598290598
1793-06-01,22.423564102564104
1793-07-01,24.408452991452993
1793-08-01,23.46302564102564
1793-09-01,20.01503418803419
1793-10-01,13.101965811965812
1793-11-01,7.481820512820513
1793-12-01,1.8386752136752136
1794-01-01,2.1742222222222223
1794-02-01,2.4040256410256413
1794-03-01,7.62208547008547
1794-04-01,13.199358974358974
1794-05-01,18.90152136752137
1794-06-01,21.041829059829062
1794-07-01,22.97579487179487
1794-08-01,23.432641025641026
1794-09-01,20.44223076923077
1794-10-01,13.035094017094018
1794-11-01,7.131042735042735
1794-12-01,4.638461538461539
1795-01-01,1.2921196581196581
1795-02-01,3.1186324786324793
1795-03-01,6.770042735042735
1795-04-01,12.492358974358975
1795-05-01,16.922714285714285
1795-06-01,21.343826530612247
1795-07-01,23.181969387755103
1795-08-01,22.473428571428574
1795-09-01,18.78151020408163
1795-10-01,12.418081632653061
1795-11-01,5.954683673469387
1795-12-01,1.8026938775510202
1796-01-01,1.7899572649572648
1796-02-01,2.1059059829059827
1796-03-01,5.038094017094017
1796-04-01,12.633393162393162
1796-05-01,17.508350427350425
1796-06-01,22.672622950819672
1796-07-01,24.28989344262295
1796-08-01,24.205918032786887
1796-09-01,19.832631147540983
1796-10-01,13.551770491803278
1796-11-01,7.0990409836065576
1796-12-01,-0.40022131147540985
1797-01-01,1.3669754098360658
1797-02-01,4.889450819672131
1797-03-01,5.924483606557377
1797-04-01,11.094803278688525
1797-05-01,16.370368852459016
1797-06-01,22.290803278688525
1797-07-01,24.563675213675214
1797-08-01,23.398965811965812
1797-09-01,19.387324786324786
1797-10-01,12.72580341880342
1797-11-01,5.512777777777778
1797-12-01,1.0690940170940173
1798-01-01,2.039322580645161
1798-02-01,2.0596129032258066
1798-03-01,7.913532258064516
1798-04-01,12.783645161290323
1798-05-01,19.103370967741938
1798-06-01,22.973895161290322
1798-07-01,24.99775806451613
1798-08-01,26.156879032258065
1798-09-01,20.265709677419355
1798-10-01,14.35976612903226
1798-11-01,7.100427419354839
1798-12-01,1.1026854838709677
1799-01-01,1.603403225806452
1799-02-01,1.3582983870967742
1799-03-01,5.4195806451612905
1799-04-01,12.924
1799-05-01,17.81848387096774
1799-06-01,23.06006451612903
1799-07-01,25.10801612903226
1799-08-01,24.17842741935484
1799-09-01,20.18557258064516
1799-10-01,14.094451612903226
1799-11-01,8.623088709677418
1799-12-01,2.2983467741935484
1800-01-01,1.4151048387096767
1800-02-01,2.6754112903225806
1800-03-01,6.027330645161291
1800-04-01,13.994572580645162
1800-05-01,17.497395161290324
1800-06-01,22.675209677419357
1800-07-01,24.717153225806452
1800-08-01,23.488346774193552
1800-09-01,19.324548387096776
1800-10-01,14.139790322580646
1800-11-01,6.993854838709677
1800-12-01,4.111072580645161
1801-01-01,1.7406451612903229
1801-02-01,2.7795322580645165
1801-03-01,8.783475806451614
1801-04-01,11.81758870967742
1801-05-01,19.463120967741936
1801-06-01,21.964766129032256
1801-07-01,25.094637096774196
1801-08-01,23.032959677419356
1801-09-01,20.645112903225808
1801-10-01,14.233709677419355
1801-11-01,7.706475806451613
1801-12-01,4.151975806451613
1802-01-01,4.507975806451613
1802-02-01,2.9905
1802-03-01,7.9280725806451615
1802-04-01,12.812032258064516
1802-05-01,16.917629032258066
1802-06-01,23.21935483870968
1802-07-01,24.74699193548387
1802-08-01,24.270951612903225
1802-09-01,20.38799193548387
1802-10-01,15.442637096774193
1802-11-01,8.194620967741935
1802-12-01,2.534838709677419
1803-01-01,0.7502419354838709
1803-02-01,2.9468145161290327
1803-03-01,6.896556451612903
1803-04-01,13.587733870967742
1803-05-01,17.361137096774193
1803-06-01,23.14224193548387
1803-07-01,25.622548387096774
1803-08-01,24.99067741935484
1803-09-01,19.94485483870968
1803-10-01,14.760266129032257
1803-11-01,7.607
1803-12-01,4.15058064516129
1804-01-01,0.6150322580645161
1804-02-01,2.379475806451613
1804-03-01,6.078685483870967
1804-04-01,13.14817741935484
1804-05-01,18.94285483870968
1804-06-01,22.73549193548387
1804-07-01,25.399516129032257
1804-08-01,24.54856451612903
1804-09-01,21.585322580645162
1804-10-01,14.153637096774194
1804-11-01,9.18858870967742
1804-12-01,1.698548387096774
1805-01-01,0.40895726495726464
1805-02-01,2.793709401709402
1805-03-01,8.204606837606837
1805-04-01,13.051777777777778
1805-05-01,17.99907692307692
1805-06-01,22.83234188034188
1805-07-01,24.970119658119657
1805-08-01,25.22405128205128
1805-09-01,21.011581196581197
1805-10-01,12.44874358974359
1805-11-01,7.062111111111111
1805-12-01,5.434324786324787
1806-01-01,1.3767008547008548
1806-02-01,3.884418803418804
1806-03-01,5.236854700854701
1806-04-01,11.219581196581197
1806-05-01,18.350059829059827
1806-06-01,22.069905982905983
1806-07-01,23.675017094017097
1806-08-01,23.63217094017094
1806-09-01,20.536461538461538
1806-10-01,13.393871794871796
1806-11-01,7.52940170940171
1806-12-01,2.963649572649573
1807-01-01,-0.31361538461538496
1807-02-01,2.3274957264957266
1807-03-01,5.581743589743589
1807-04-01,11.299017094017094
1807-05-01,16.24802564102564
1807-06-01,21.642957264957268
1807-07-01,24.739837606837607
1807-08-01,23.93846153846154
1807-09-01,19.796222222222223
1807-10-01,14.020333333333335
1807-11-01,7.074905982905983
1807-12-01,4.977538461538461
1808-01-01,1.2888461538461535
1808-02-01,2.8095042735042735
1808-03-01,6.712931623931624
1808-04-01,12.092871794871794
1808-05-01,16.37271794871795
1808-06-01,22.834213675213675
1808-07-01,24.646957264957265
1808-08-01,22.425982905982906
1808-09-01,20.11
1808-10-01,13.05348717948718
1808-11-01,7.620401709401709
1808-12-01,1.8323333333333331
1809-01-01,-1.4936239316239315
1809-02-01,0.6382735042735043
1809-03-01,4.8838888888888885
1809-04-01,11.748726495726496
1809-05-01,16.780529914529914
1809-06-01,22.079461538461537
1809-07-01,22.33774358974359
1809-08-01,22.614982905982906
1809-09-01,18.38016239316239
1809-10-01,15.577948717948718
1809-11-01,4.883504273504274
1809-12-01,3.947034188034188
1810-01-01,0.20712820512820523
1810-02-01,3.456700854700855
1810-03-01,6.608470085470086
1810-04-01,12.525119658119658
1810-05-01,16.982376068376066
1810-06-01,21.90107692307692
1810-07-01,22.52382051282051
1810-08-01,22.491470085470084
1810-09-01,18.855170940170943
1810-10-01,11.943444444444445
1810-11-01,5.726239316239315
1810-12-01,2.073982905982906
1811-01-01,0.9826837606837605
1811-02-01,1.12657264957265
1811-03-01,7.866786324786324
1811-04-01,10.895008547008548
1811-05-01,16.349393162393163
1811-06-01,21.7584358974359
1811-07-01,22.963162393162392
1811-08-01,23.035308333333333
1811-09-01,19.319758333333333
1811-10-01,13.156508333333333
1811-11-01,6.628841666666667
1811-12-01,2.445266666666667
1812-01-01,-1.3089916666666666
1812-02-01,-0.01099999999999998
1812-03-01,3.1999833333333334
1812-04-01,10.547366666666667
1812-05-01,15.219466666666667
1812-06-01,20.80915
1812-07-01,23.443758333333335
1812-08-01,23.657116666666663
1812-09-01,18.06
1812-10-01,12.487124999999999
1812-11-01,6.16215
1812-12-01,1.0303166666666665
1813-01-01,-1.9205583333333334
1813-02-01,1.4570750000000003
1813-03-01,3.6818166666666667
1813-04-01,12.490808333333332
1813-05-01,17.48014166666667
1813-06-01,21.979216666666666
1813-07-01,24.113383333333335
1813-08-01,23.60335
1813-09-01,21.096358333333335
1813-10-01,12.920905982905984
1813-11-01,8.718743589743589
1813-12-01,1.7219316239316238
1814-01-01,-0.41370085470085477
1814-02-01,2.599974358974359
1814-03-01,5.163692307692308
1814-04-01,11.728179487179489
1814-05-01,16.921717948717948
1814-06-01,21.522709401709402
1814-07-01,22.033051282051282
1814-08-01,22.592196581196582
1814-09-01,18.88051282051282
1814-10-01,12.215581967213113
1814-11-01,8.389991803278688
1814-12-01,3.3180901639344262
1815-01-01,-0.12068852459016405
1815-02-01,1.4531229508196724
1815-03-01,5.761418032786885
1815-04-01,11.116139344262296
1815-05-01,15.636065573770493
1815-06-01,20.363032786885245
1815-07-01,24.882795081967213
1815-08-01,22.51420491803279
1815-09-01,18.5542131147541
1815-10-01,11.772141666666666
1815-11-01,6.1752396694214875
1815-12-01,0.7308677685950412
1816-01-01,0.18033057851239673
1816-02-01,0.3239586776859502
1816-03-01,4.4807190082644635
1816-04-01,10.83504958677686
1816-05-01,16.511198347107438
1816-06-01,19.89311570247934
1816-07-01,21.506914529914532
1816-08-01,22.3005811965812
1816-09-01,17.62857264957265
1816-10-01,11.273383333333333
1816-11-01,6.815791666666667
1816-12-01,1.7473760683760682
1817-01-01,-0.6419916666666668
1817-02-01,0.33636666666666665
1817-03-01,5.562033333333333
1817-04-01,11.618374999999999
1817-05-01,15.849175
1817-06-01,19.746783333333333
1817-07-01,22.18175
1817-08-01,23.17213333333333
1817-09-01,17.911483333333333
1817-10-01,10.896108333333334
1817-11-01,7.270758333333333
1817-12-01,0.6512166666666666
1818-01-01,-0.42885000000000006
1818-02-01,-1.1550083333333332
1818-03-01,6.652966666666667
1818-04-01,11.969566666666667
1818-05-01,17.171983333333333
1818-06-01,23.1366
1818-07-01,23.8847094017094
1818-08-01,22.650091666666665
1818-09-01,18.06852136752137
1818-10-01,11.832575
1818-11-01,8.1281
1818-12-01,0.4920916666666662
1819-01-01,0.9474083333333334
1819-02-01,2.687333333333334
1819-03-01,3.1131249999999993
1819-04-01,10.823547008547008
1819-05-01,16.397521367521367
1819-06-01,21.776931623931624
1819-07-01,23.42865811965812
1819-08-01,22.772256410256414
1819-09-01,20.261017094017095
1819-10-01,13.115205128205128
1819-11-01,7.655299145299145
1819-12-01,1.5899914529914525
1820-01-01,-1.108283950617284
1820-02-01,4.401913580246914
1820-03-01,6.859481481481482
1820-04-01,14.084537037037038
1820-05-01,17.773370370370372
1820-06-01,22.491506172839507
1820-07-01,24.2258024691358
1820-08-01,22.74779012345679
1820-09-01,20.022018518518518
1820-10-01,12.866975308641974
1820-11-01,6.660327160493827
1820-12-01,1.0613518518518519
1821-01-01,-0.026364197530864043
1821-02-01,4.076302469135802
1821-03-01,6.697438271604938
1821-04-01,10.726814814814814
1821-05-01,17.616425925925924
1821-06-01,22.81524074074074
1821-07-01,22.862567901234566
1821-08-01,24.72808024691358
1821-09-01,19.714697530864196
1821-10-01,13.967092592592591
1821-11-01,7.415111111111111
1821-12-01,1.5790123456790122
1822-01-01,1.07867701863354
1822-02-01,3.8337453416149065
1822-03-01,9.960608695652175
1822-04-01,12.674447204968944
1822-05-01,18.533726708074536
1822-06-01,22.52342857142857
1822-07-01,25.227
1822-08-01,23.94498757763975
1822-09-01,20.341093167701864
1822-10-01,13.438434782608697
1822-11-01,8.205975155279503
1822-12-01,0.8947453416149068
1823-01-01,2.273690909090909
1823-02-01,0.39175151515151513
1823-03-01,7.805660606060606
1823-04-01,13.684157575757576
1823-05-01,18.133836363636362
1823-06-01,22.74667878787879
1823-07-01,25.044212121212123
1823-08-01,24.060660606060605
1823-09-01,19.157581818181818
1823-10-01,13.342400000000001
1823-11-01,7.022127272727273
1823-12-01,3.0237090909090907
1824-01-01,3.899078787878788
1824-02-01,2.911127272727273
1824-03-01,7.467630303030304
1824-04-01,12.427127272727274
1824-05-01,17.8678
1824-06-01,22.20541818181818
1824-07-01,24.945957575757575
1824-08-01,23.664606060606058
1824-09-01,20.1024
1824-10-01,13.783539393939394
1824-11-01,8.291236363636363
1824-12-01,5.36749696969697
1825-01-01,3.0195602409638553
1825-02-01,5.1892048192771085
1825-03-01,9.624355421686747
1825-04-01,14.022945783132531
1825-05-01,18.425090361445783
1825-06-01,23.45429518072289
1825-07-01,25.73878313253012
1825-08-01,24.29166265060241
1825-09-01,20.362668674698796
1825-10-01,14.707722891566265
1825-11-01,8.921421686746989
1825-12-01,3.1791987951807226
1826-01-01,2.154120481927711
1826-02-01,4.182915662650602
1826-03-01,8.594391566265061
1826-04-01,12.764686746987952
1826-05-01,20.48836746987952
1826-06-01,22.987897590361445
1826-07-01,24.774728915662653
1826-08-01,23.698475903614458
1826-09-01,19.750006024096386
1826-10-01,14.460656626506024
1826-11-01,8.64683734939759
1826-12-01,4.1234397590361445
1827-01-01,1.7499036144578308
1827-02-01,6.675439759036145
1827-03-01,9.382234939759035
1827-04-01,14.374831325301207
1827-05-01,18.63240963855422
1827-06-01,22.601698795180724
1827-07-01,25.276692771084342
1827-08-01,24.318897590361445
1827-09-01,20.298716867469878
1827-10-01,14.383427710843373
1827-11-01,8.429162650602409
1827-12-01,3.95860843373494
1828-01-01,3.603943820224719
1828-02-01,5.994567415730338
1828-03-01,8.640432584269663
1828-04-01,12.064090361445784
1828-05-01,18.217797752808988
1828-06-01,23.965999999999998
1828-07-01,24.73277094972067
1828-08-01,24.46609497206704
1828-09-01,19.03613966480447
1828-10-01,13.91186033519553
1828-11-01,9.344324022346369
1828-12-01,6.138407821229051
1829-01-01,2.427458100558659
1829-02-01,0.5538938547486034
1829-03-01,6.2283463687150835
1829-04-01,12.458675977653632
1829-05-01,19.009296089385476
1829-06-01,22.814550561797756
1829-07-01,24.368932584269665
1829-08-01,24.225376404494384
1829-09-01,19.233180722891568
1829-10-01,14.335977528089888
1829-11-01,6.853179775280899
1829-12-01,5.451859550561798
1830-01-01,3.000198795180723
1830-02-01,4.800951807228915
1830-03-01,8.961156626506023
1830-04-01,14.332072289156626
1830-05-01,17.95625903614458
1830-06-01,22.277668674698795
1830-07-01,26.464379518072292
1830-08-01,24.54556626506024
1830-09-01,19.955253012048193
1830-10-01,15.617686746987951
1830-11-01,12.053481927710843
1830-12-01,4.714132530120482
1831-01-01,0.06566265060240971
1831-02-01,1.8118795180722895
1831-03-01,8.905337349397591
1831-04-01,13.084259036144578
1831-05-01,18.011939759036146
1831-06-01,23.023524096385543
1831-07-01,24.464018072289157
1831-08-01,24.001331325301205
1831-09-01,19.36805421686747
1831-10-01,14.563102409638553
1831-11-01,7.9468674698795185
1831-12-01,-0.6011385542168676
1832-01-01,2.3348033707865166
1832-02-01,3.3112808988764044
1832-03-01,8.646662921348314
1832-04-01,12.830252808988764
1832-05-01,17.04653370786517
1832-06-01,22.504765060240963
1832-07-01,24.479224242424245
1832-08-01,22.937830303030303
1832-09-01,19.733963636363637
1832-10-01,14.17558988764045
1832-11-01,8.132960674157303
1832-12-01,4.256859550561797
1833-01-01,3.866865168539326
1833-02-01,4.2758202247191015
1833-03-01,7.6050786516853925
1833-04-01,13.500634831460673
1833-05-01,18.199792134831462
1833-06-01,21.150842696629212
1833-07-01,24.177724719101125
1833-08-01,23.27070786516854
1833-09-01,20.01958988764045
1833-10-01,12.910837078651685
1833-11-01,8.79335393258427
1833-12-01,4.393078651685393
1834-01-01,1.0355477707006369
1834-02-01,6.618642458100559
1834-03-01,8.566016759776536
1834-04-01,13.523709497206704
1834-05-01,17.98009497206704
1834-06-01,21.85
1834-07-01,25.417620111731843
1834-08-01,24.165195530726255
1834-09-01,19.578340782122904
1834-10-01,13.72659776536313
1834-11-01,9.046787709497206
1834-12-01,3.9265977653631285
1835-01-01,3.639736040609137
1835-02-01,0.7218934010152284
1835-03-01,7.206873096446701
1835-04-01,12.395157360406092
1835-05-01,18.47875126903553
1835-06-01,22.260035532994923
1835-07-01,23.986340101522842
1835-08-01,23.513855555555555
1835-09-01,18.162588832487312
1835-10-01,13.871243654822337
1835-11-01,7.795928934010152
1835-12-01,2.743715736040609
1836-01-01,2.38905076142132
1836-02-01,2.555812182741117
1836-03-01,5.7401776649746195
1836-04-01,12.865345177664974
1836-05-01,18.369157360406092
1836-06-01,21.567096446700507
1836-07-01,24.346705583756346
1836-08-01,22.79156345177665
1836-09-01,19.815025380710658
1836-10-01,11.52677157360406
1836-11-01,6.546675126903553
1836-12-01,2.318725888324873
1837-01-01,1.550030456852792
1837-02-01,4.651553299492385
1837-03-01,6.68497461928934
1837-04-01,10.635918781725888
1837-05-01,16.83633502538071
1837-06-01,21.578502538071067
1837-07-01,24.761360406091374
1837-08-01,23.776035532994925
1837-09-01,19.38796954314721
1837-10-01,14.101563451776649
1837-11-01,9.796675126903553
1837-12-01,4.239121827411167
1838-01-01,3.2411308900523563
1838-02-01,-0.6328324607329839
1838-03-01,8.74402617801047
1838-04-01,12.218497382198954
1838-05-01,15.784052356020942
1838-06-01,22.88755497382199
1838-07-01,25.752162303664925
1838-08-01,24.47204712041885
1838-09-01,19.870350785340314
1838-10-01,12.448853403141362
1838-11-01,5.800104712041884
1838-12-01,1.50851832460733
1839-01-01,3.568429319371728
1839-02-01,4.8793664921465965
1839-03-01,7.513973821989529
1839-04-01,15.093450261780106
1839-05-01,18.16150785340314
1839-06-01,21.76976649746193
1839-07-01,24.824137055837564
1839-08-01,23.59679894179894
1839-09-01,19.224084656084656
1839-10-01,15.618222222222222
1839-11-01,6.395142857142857
1839-12-01,2.380873015873016
1840-01-01,1.0614232804232804
1840-02-01,5.998619047619048
1840-03-01,9.23168253968254
1840-04-01,14.201640211640212
1840-05-01,18.38168783068783
1840-06-01,22.508391534391535
1840-07-01,24.22151851851852
1840-08-01,23.619142857142858
1840-09-01,19.00084656084656
1840-10-01,13.702507936507937
1840-11-01,7.212439153439154
1840-12-01,2.950825396825396
1841-01-01,2.37631746031746
1841-02-01,3.2149100529100534
1841-03-01,7.847153439153439
1841-04-01,12.199507936507937
1841-05-01,17.48230687830688
1841-06-01,22.796460317460316
1841-07-01,24.91367195767196
1841-08-01,23.56584656084656
1841-09-01,19.94352380952381
1841-10-01,12.67105291005291
1841-11-01,8.135296296296296
1841-12-01,4.347851851851852
1842-01-01,4.483719576719577
1842-02-01,5.335846560846561
1842-03-01,11.656158730158731
1842-04-01,14.521767195767197
1842-05-01,17.41451851851852
1842-06-01,21.318603174603172
1842-07-01,23.512724867724867
1842-08-01,22.647502645502644
1842-09-01,19.970719576719578
1842-10-01,13.986857142857144
1842-11-01,5.892571428571428
1842-12-01,3.3029259259259254
1843-01-01,4.526666666666666
1843-02-01,1.2005978835978837
1843-03-01,3.815128491620112
1843-04-01,12.578964102564104
1843-05-01,17.226758974358972
1843-06-01,21.662830769230773
1843-07-01,24.248789743589743
1843-08-01,23.527979487179486
1843-09-01,20.952102564102564
1843-10-01,12.28311794871795
1843-11-01,7.814051282051282
1843-12-01,4.9282051282051285
1844-01-01,1.9882256410256411
1844-02-01,4.7324717948717945
1844-03-01,8.222348717948718
1844-04-01,15.205928205128204
1844-05-01,18.43700512820513
1844-06-01,21.843558974358974
1844-07-01,24.858610256410255
1844-08-01,23.29094358974359
1844-09-01,19.323989847715737
1844-10-01,13.194984771573603
1844-11-01,8.105598984771575
1844-12-01,3.4194060913705586
1845-01-01,4.828852791878172
1845-02-01,5.219989847715736
1845-03-01,8.959979695431471
1845-04-01,14.304142131979697
1845-05-01,17.416319796954316
1845-06-01,22.192522842639594
1845-07-01,24.87202030456853
1845-08-01,24.15577157360406
1845-09-01,20.11904568527919
1845-10-01,13.334172588832487
1845-11-01,7.78305076142132
1845-12-01,0.7653045685279188
1846-01-01,4.415817679558011
1846-02-01,3.241734806629834
1846-03-01,9.413845303867403
1846-04-01,13.653558011049723
1846-05-01,19.362288888888887
1846-06-01,21.881016574585637
1846-07-01,25.161850828729282
1846-08-01,24.689447513812155
1846-09-01,21.853872928176795
1846-10-01,13.855917127071825
1846-11-01,9.777613259668508
1846-12-01,5.290745856353591
1847-01-01,1.5332099447513814
1847-02-01,4.416298342541436
1847-03-01,6.230044198895027
1847-04-01,13.648055248618785
1847-05-01,16.74318781725888
1847-06-01,21.698629441624366
1847-07-01,24.455401015228425
1847-08-01,23.197421319796952
1847-09-01,19.75515736040609
1847-10-01,13.85856852791878
1847-11-01,8.933817258883249
1847-12-01,3.5493451776649745
1848-01-01,3.6584254143646406
1848-02-01,4.624911602209945
1848-03-01,7.275895027624308
1848-04-01,12.20021546961326
1848-05-01,18.291209944751383
1848-06-01,21.99514720812183
1848-07-01,23.84586802030457
1848-08-01,23.5437461928934
1848-09-01,18.55208376963351
1848-10-01,14.070172774869109
1848-11-01,6.0003298429319365
1848-12-01,4.387842931937173
1849-01-01,3.5324902723735403
1849-02-01,4.288089494163424
1849-03-01,9.86871206225681
1849-04-01,12.875894531250001
1849-05-01,16.497062500000002
1849-06-01,22.231050583657588
1849-07-01,24.33381712062257
1849-08-01,24.022579766536964
1849-09-01,20.341782101167315
1849-10-01,14.142143968871595
1849-11-01,10.662439688715953
1849-12-01,4.290918287937743
1850-01-01,5.1993968871595335
1850-02-01,5.610821011673152
1850-03-01,8.192871595330738
1850-04-01,11.984428015564202
1850-05-01,16.498875486381323
1850-06-01,21.61967704280156
1850-07-01,24.473727626459144
1850-08-01,24.73206225680934
1850-09-01,20.936906614785993
1850-10-01,15.058642023346303
1850-11-01,9.426556420233464
1850-12-01,3.1229571984435798
1851-01-01,4.73752140077821
1851-02-01,6.319992217898833
1851-03-01,9.733443579766536
1851-04-01,13.185482490272372
1851-05-01,17.898050583657586
1851-06-01,21.838101167315177
1851-07-01,24.08833852140078
1851-08-01,23.767143968871594
1851-09-01,20.81305447470817
1851-10-01,14.946665369649805
1851-11-01,8.09733852140078
1851-12-01,3.565019455252918
1852-01-01,2.320373540856031
1852-02-01,6.548439688715954
1852-03-01,8.679498054474708
1852-04-01,11.49615953307393
1852-05-01,18.04133073929961
1852-06-01,21.991124513618676
1852-07-01,24.396770428015564
1852-08-01,23.256910505836576
1852-09-01,19.783494163424127
1852-10-01,15.218533073929962
1852-11-01,8.06184046692607
1852-12-01,5.849813229571985
1853-01-01,4.101287937743191
1853-02-01,5.038649805447471
1853-03-01,9.070077821011674
1853-04-01,13.98139299610895
1853-05-01,17.924622568093383
1853-06-01,22.64860700389105
1853-07-01,24.055252918287938
1853-08-01,23.52050583657588
1853-09-01,20.652431906614787
1853-10-01,14.222124513618677
1853-11-01,10.410296875
1853-12-01,4.969326848249027
1854-01-01,3.49220233463035
1854-02-01,6.006568093385215
1854-03-01,10.022879377431908
1854-04-01,13.475591439688715
1854-05-01,17.673653696498054
1854-06-01,21.77806614785992
1854-07-01,25.367972762645916
1854-08-01,24.11050583657588
1854-09-01,20.836206225680932
1854-10-01,15.82945914396887
1854-11-01,9.41939299610895
1854-12-01,4.734190661478599
1855-01-01,4.6266328125
1855-02-01,4.19601953125
1855-03-01,8.5203671875
1855-04-01,14.44330859375
1855-05-01,18.29355078125
1855-06-01,21.783665369649807
1855-07-01,24.378782101167314
1855-08-01,23.58396484375
1855-09-01,20.9930546875
1855-10-01,14.51453515625
1855-11-01,9.8116328125
1855-12-01,4.23854296875
1856-01-01,0.4476498054474707
1856-02-01,3.5146887159533073
1856-03-01,7.330887159533074
1856-04-01,14.086848249027238
1856-05-01,17.617066147859923
1856-06-01,23.236961089494166
1856-07-01,25.26136186770428
1856-08-01,23.373599221789885
1856-09-01,20.093112840466926
1856-10-01,14.301101167315176
1856-11-01,8.611891050583656
1856-12-01,2.7428210116731515
1857-01-01,0.7314474708171206
1857-02-01,7.614249027237355
1857-03-01,8.618424124513618
1857-04-01,11.300077821011673
1857-05-01,17.130972762645914
1857-06-01,22.1580233463035
1857-07-01,23.963217898832685
1857-08-01,23.57546692607004
1857-09-01,20.22636964980545
1857-10-01,14.130077821011673
1857-11-01,8.575070038910507
1857-12-01,6.711260700389105
1858-01-01,6.406984435797665
1858-02-01,4.344552529182879
1858-03-01,9.038544747081712
1858-04-01,13.201272373540856
1858-05-01,17.40431906614786
1858-06-01,22.420739299610894
1858-07-01,24.22850972762646
1858-08-01,23.335233463035017
1858-09-01,20.31391439688716
1858-10-01,15.230373540856032
1858-11-01,7.627015564202335
1858-12-01,5.173023346303502
1859-01-01,3.9335447470817124
1859-02-01,6.5361750972762644
1859-03-01,9.733778210116732
1859-04-01,11.992015564202335
1859-05-01,18.263517509727627
1859-06-01,22.146848249027236
1859-07-01,23.801136186770428
1859-08-01,23.069494163424125
1859-09-01,19.411793774319065
1859-10-01,13.964677042801556
1859-11-01,10.087140077821012
1859-12-01,2.5919455252918286
1860-01-01,4.079178988326848
1860-02-01,5.470544747081712
1860-03-01,9.996
1860-04-01,13.489626459143969
1860-05-01,17.969945525291827
1860-06-01,21.723941634241246
1860-07-01,24.37761478599222
1860-08-01,23.796929961089496
1860-09-01,19.976085603112843
1860-10-01,14.916214007782102
1860-11-01,8.963260700389105
1860-12-01,4.343322957198443
1861-01-01,3.201412451361868
1861-02-01,6.722447470817121
1861-03-01,9.173898832684825
1861-04-01,13.897964980544748
1861-05-01,17.353210116731518
1861-06-01,22.468949416342415
1861-07-01,24.26590661478599
1861-08-01,23.400587548638132
1861-09-01,20.459673151750973
1861-10-01,15.179416342412452
1861-11-01,10.044334630350194
1861-12-01,7.100789883268482
1862-01-01,4.495455252918289
1862-02-01,4.309268482490272
1862-03-01,8.34904280155642
1862-04-01,12.583486381322958
1862-05-01,17.822634241245137
1862-06-01,21.725116731517513
1862-07-01,24.454715953307392
1862-08-01,24.288365758754864
1862-09-01,20.91848638132296
1862-10-01,15.443782101167315
1862-11-01,9.33553307392996
1862-12-01,5.920062256809338
1863-01-01,5.272645914396887
1863-02-01,5.636280155642023
1863-03-01,9.083747081712064
1863-04-01,13.552653696498055
1863-05-01,18.26073540856031
1863-06-01,21.20714007782101
1863-07-01,24.063486381322956
1863-08-01,23.522599221789882
1863-09-01,20.167315175097276
1863-10-01,13.79891439688716
1863-11-01,9.227933852140078
1863-12-01,4.80143579766537
1864-01-01,3.7235992217898835
1864-02-01,6.496848249027238
1864-03-01,8.28915953307393
1864-04-01,12.668805447470817
1864-05-01,18.598151750972765
1864-06-01,22.197715953307394
1864-07-01,24.623221789883267
1864-08-01,24.463097276264595
1864-09-01,20.615389105058366
1864-10-01,13.703536964980545
1864-11-01,9.069758754863813
1864-12-01,4.780373540856031
1865-01-01,2.756190661478599
1865-02-01,5.403677042801557
1865-03-01,9.069505836575875
1865-04-01,13.202513618677042
1865-05-01,18.512696498054474
1865-06-01,22.954303501945528
1865-07-01,23.84655252918288
1865-08-01,23.743369649805448
1865-09-01,21.984630350194553
1865-10-01,14.571824902723735
1865-11-01,10.353832684824903
1865-12-01,3.996941634241245
1866-01-01,3.6797937743190663
1866-02-01,5.137571984435797
1866-03-01,8.589482490272372
1866-04-01,14.443887159533075
1866-05-01,16.97935019455253
1866-06-01,21.733941634241244
1866-07-01,24.729556420233465
1866-08-01,23.034715953307394
1866-09-01,19.878673151750974
1866-10-01,15.240513618677042
1866-11-01,9.945311284046694
1866-12-01,5.1401906614785995
1867-01-01,2.89056420233463
1867-02-01,6.652268482490273
1867-03-01,6.424902723735409
1867-04-01,13.48833852140078
1867-05-01,16.719937743190663
1867-06-01,22.602
1867-07-01,24.000136186770426
1867-08-01,24.061256809338524
1867-09-01,21.234875486381323
1867-10-01,15.298614785992218
1867-11-01,10.693011673151751
1867-12-01,6.673424124513619
1868-01-01,2.33747859922179
1868-02-01,4.6337976653696495
1868-03-01,10.198673151750972
1868-04-01,12.55053307392996
1868-05-01,17.469618677042803
1868-06-01,21.865303501945526
1868-07-01,25.147844357976656
1868-08-01,23.372003891050586
1868-09-01,19.74398832684825
1868-10-01,14.503463035019454
1868-11-01,8.916214007782102
1868-12-01,3.792587548638132
1869-01-01,5.423015564202334
1869-02-01,5.962684824902724
1869-03-01,8.065163424124513
1869-04-01,12.921727626459145
1869-05-01,17.201848249027236
1869-06-01,21.497684824902723
1869-07-01,24.06775486381323
1869-08-01,23.886035019455253
1869-09-01,20.2077626459144
1869-10-01,13.014252918287937
1869-11-01,8.850610894941633
1869-12-01,4.396116731517509
1870-01-01,5.38304280155642
1870-02-01,6.131688715953308
1870-03-01,7.479610894941634
1870-04-01,13.378976653696498
1870-05-01,18.348665369649805
1870-06-01,22.32066147859922
1870-07-01,24.854642023346305
1870-08-01,23.58193774319066
1870-09-01,20.58233852140078
1870-10-01,15.350490272373541
1870-11-01,10.00484046692607
1870-12-01,3.518252918287938
1871-01-01,4.482229571984436
1871-02-01,6.0344241245136185
1871-03-01,10.343007782101166
1871-04-01,13.841455252918287
1871-05-01,18.115501945525292
1871-06-01,22.623272373540857
1871-07-01,24.260529182879377
1871-08-01,24.33443190661479
1871-09-01,19.609828793774323
1871-10-01,15.526455252918288
1871-11-01,8.061194552529182
1871-12-01,4.361579766536964
1872-01-01,2.9863696498054475
1872-02-01,5.489743190661478
1872-03-01,7.315739299610895
1872-04-01,13.124315175097276
1872-05-01,18.365229571984433
1872-06-01,22.396933852140076
1872-07-01,24.315980544747084
1872-08-01,24.099229571984438
1872-09-01,20.339910505836574
1872-10-01,14.471420233463036
1872-11-01,7.1320544747081716
1872-12-01,2.8009999999999997
1873-01-01,3.2230972762645913
1873-02-01,4.725875486381323
1873-03-01,8.667120622568092
1873-04-01,12.192264591439688
1873-05-01,17.403241245136186
1873-06-01,22.26068093385214
1873-07-01,24.191961089494164
1873-08-01,23.51391439688716
1873-09-01,20.086571984435796
1873-10-01,13.690762645914397
1873-11-01,8.83396887159533
1873-12-01,5.193704280155642
1874-01-01,4.791988326848249
1874-02-01,4.992128404669261
1874-03-01,8.430505836575875
1874-04-01,11.011785992217899
1874-05-01,18.32205447470817
1874-06-01,22.670778210116733
1874-07-01,24.479517509727625
1874-08-01,23.884151750972762
1874-09-01,20.609953307392995
1874-10-01,15.051206225680934
1874-11-01,9.448315175097276
1874-12-01,5.393906614785992
1875-01-01,1.2346031128404669
1875-02-01,3.247731517509728
1875-03-01,7.3966692607003885
1875-04-01,11.980517509727626
1875-05-01,18.27658365758755
1875-06-01,22.040762645914395
1875-07-01,24.22864980544747
1875-08-01,23.189498054474708
1875-09-01,19.562424124513623
1875-10-01,14.864420233463035
1875-11-01,9.005918287937744
1875-12-01,7.092007782101168
1876-01-01,5.762470817120622
1876-02-01,6.616486381322957
1876-03-01,7.344968871595331
1876-04-01,13.180770428015565
1876-05-01,17.70562645914397
1876-06-01,22.45635019455253
1876-07-01,24.67255252918288
1876-08-01,23.84789105058366
1876-09-01,19.88527626459144
1876-10-01,14.110124513618677
1876-11-01,8.967517509727626
1876-12-01,2.1441050583657586
1877-01-01,3.51731906614786
1877-02-01,7.246466926070038
1877-03-01,9.038
1877-04-01,12.850097276264592
1877-05-01,17.00671206225681
1877-06-01,22.160015564202332
1877-07-01,24.49501945525292
1877-08-01,23.846964980544747
1877-09-01,20.705058365758756
1877-10-01,15.015603112840466
1877-11-01,9.28579766536965
1877-12-01,7.296848249027237
1878-01-01,4.4895525291828795
1878-02-01,6.656463035019455
1878-03-01,11.370120622568093
1878-04-01,14.458155642023346
1878-05-01,17.622206225680934
1878-06-01,21.455789883268483
1878-07-01,24.80263035019455
1878-08-01,24.12066926070039
1878-09-01,20.183412451361868
1878-10-01,14.859494163424124
1878-11-01,9.817575875486382
1878-12-01,3.176315175097276
1879-01-01,2.7070077821011673
1879-02-01,5.209961089494164
1879-03-01,10.606027237354084
1879-04-01,13.113972762645915
1879-05-01,18.241377431906614
1879-06-01,21.79017120622568
1879-07-01,24.5491875
1879-08-01,23.31250390625
1879-09-01,19.977
1879-10-01,16.519439688715952
1879-11-01,9.434739299610895
1879-12-01,5.400303501945525
1880-01-01,7.227587548638132
1880-02-01,5.758241245136188
1880-03-01,8.113645914396887
1880-04-01,13.27750972762646
1880-05-01,19.149665369649806
1880-06-01,22.174703125
1880-07-01,23.60053515625
1880-08-01,23.173078125
1880-09-01,19.72230859375
1880-10-01,14.093214843750001
1880-11-01,6.23103125
1880-12-01,3.71759375
1881-01-01,1.9852539062499999
1881-02-01,5.34608984375
1881-03-01,8.3185
1881-04-01,13.068038910505836
1881-05-01,19.01056420233463
1881-06-01,22.068186770428017
1881-07-01,24.622914396887158
1881-08-01,24.205684824902722
1881-09-01,21.52928793774319
1881-10-01,15.600875486381323
1881-11-01,8.84733852140078
1881-12-01,7.100821011673152
1882-01-01,4.199642023346303
1882-02-01,6.785700389105058
1882-03-01,9.780540856031129
1882-04-01,12.904642023346304
1882-05-01,16.470525291828796
1882-06-01,21.65954474708171
1882-07-01,23.50660700389105
1882-08-01,23.32252918287938
1882-09-01,20.095003891050585
1882-10-01,15.550949416342412
1882-11-01,8.720509727626458
1882-12-01,4.831494163424124
1883-01-01,2.0802101167315175
1883-02-01,4.569661478599222
1883-03-01,8.258054474708171
1883-04-01,12.676486381322958
1883-05-01,17.016638132295718
1883-06-01,22.536700389105057
1883-07-01,24.172832684824904
1883-08-01,23.009599221789884
1883-09-01,20.140346303501943
1883-10-01,14.435715953307394
1883-11-01,9.77784046692607
1883-12-01,5.857334630350195
1884-01-01,1.8510856031128404
1884-02-01,5.722871595330739
1884-03-01,8.691712062256808
1884-04-01,12.210891050583658
1884-05-01,17.621708171206226
1884-06-01,21.386354085603116
1884-07-01,23.869482490272375
1884-08-01,23.117856031128404
1884-09-01,20.801357976653694
1884-10-01,15.689778210116732
1884-11-01,9.457610894941634
1884-12-01,4.482708171206226
1885-01-01,2.6321984435797665
1885-02-01,3.387618677042801
1885-03-01,7.733031128404669
1885-04-01,13.552408560311283
1885-05-01,17.41417898832685
1885-06-01,21.299972762645915
1885-07-01,24.22242412451362
1885-08-01,23.253513618677044
1885-09-01,20.183739299610895
1885-10-01,14.267696498054475
1885-11-01,9.907486381322958
1885-12-01,5.84452140077821
1886-01-01,1.7048677042801557
1886-02-01,5.489933852140078
1886-03-01,7.9255058365758755
1886-04-01,13.273070038910506
1886-05-01,18.48784046692607
1886-06-01,21.663961089494162
1886-07-01,24.275945525291828
1886-08-01,23.919474708171208
1886-09-01,20.506105058365762
1886-10-01,14.733972762645914
1886-11-01,8.396789883268482
1886-12-01,4.302968871595331
1887-01-01,3.1664630350194556
1887-02-01,5.691735408560311
1887-03-01,9.212463035019455
1887-04-01,13.116700389105059
1887-05-01,18.865385214007784
1887-06-01,22.033143968871595
1887-07-01,24.67263813229572
1887-08-01,22.978789883268483
1887-09-01,20.02004280155642
1887-10-01,14.411116731517508
1887-11-01,9.332198443579767
1887-12-01,4.359634241245136
1888-01-01,1.6008871595330738
1888-02-01,5.9414747081712065
1888-03-01,7.105120622568093
1888-04-01,14.103038910505838
1888-05-01,17.005708171206223
1888-06-01,21.92971206225681
1888-07-01,24.05696498054475
1888-08-01,23.480369649805446
1888-09-01,20.31431906614786
1888-10-01,14.316782101167314
1888-11-01,9.580237354085604
1888-12-01,6.040334630350195
1889-01-01,4.487132295719844
1889-02-01,4.292914396887159
1889-03-01,9.722373540856031
1889-04-01,14.217392996108948
1889-05-01,17.79975486381323
1889-06-01,21.38848638132296
1889-07-01,24.058832684824903
1889-08-01,23.17824513618677
1889-09-01,20.009575875486384
1889-10-01,14.133937743190662
1889-11-01,9.094361867704281
1889-12-01,8.743073929961088
1890-01-01,5.543836575875487
1890-02-01,7.177700389105059
1890-03-01,8.089354085603112
1890-04-01,13.445910505836576
1890-05-01,17.683167315175094
1890-06-01,22.155295719844357
1890-07-01,24.224634241245134
1890-08-01,22.83144357976654
1890-09-01,19.97430739299611
1890-10-01,14.724342412451362
1890-11-01,10.620136186770427
1890-12-01,5.824754863813229
1891-01-01,4.542719844357976
1891-02-01,6.071937743190662
1891-03-01,7.474856031128405
1891-04-01,13.381206225680932
1891-05-01,16.786416342412448
1891-06-01,21.52919455252918
1891-07-01,23.28715175097276
1891-08-01,23.616007782101168
1891-09-01,21.05583657587549
1891-10-01,14.554747081712064
1891-11-01,9.234661478599222
1891-12-01,6.3024046692607
1892-01-01,2.982544747081712
1892-02-01,6.620501945525292
1892-03-01,7.689295719844359
1892-04-01,12.6902265625
1892-05-01,17.122
1892-06-01,21.6714375
1892-07-01,23.517501945525293
1892-08-01,23.449610894941635
1892-09-01,20.221642023346305
1892-10-01,14.782451361867706
1892-11-01,9.188221789883269
1892-12-01,4.205147859922179
1893-01-01,2.1965408560311284
1893-02-01,4.910385214007782
1893-03-01,7.889848249027238
1893-04-01,12.994225680933852
1893-05-01,17.031474708171206
1893-06-01,21.81986381322957
1893-07-01,24.18306225680934
1893-08-01,23.183346303501946
1893-09-01,19.75453307392996
1893-10-01,14.568696498054475
1893-11-01,8.725832684824901
1893-12-01,6.1755603112840465
1894-01-01,4.461937743190662
1894-02-01,3.634871595330739
1894-03-01,9.956202334630351
1894-04-01,13.735400778210117
1894-05-01,17.738961089494165
1894-06-01,21.164408560311287
1894-07-01,23.865875486381324
1894-08-01,23.23894941634241
1894-09-01,20.779587548638133
1894-10-01,15.360338521400777
1894-11-01,9.5124046692607
1894-12-01,5.7652295719844355
1895-01-01,2.903758754863813
1895-02-01,2.4097237354085603
1895-03-01,8.28446692607004
1895-04-01,13.545424124513618
1895-05-01,17.837245136186773
1895-06-01,21.997284046692606
1895-07-01,23.038525291828794
1895-08-01,23.507801556420233
1895-09-01,21.29395719844358
1895-10-01,13.728536964980545
1895-11-01,9.105560311284046
1895-12-01,5.003
1896-01-01,4.680630350194552
1896-02-01,6.10963813229572
1896-03-01,7.911513618677043
1896-04-01,13.798653696498054
1896-05-01,19.13294941634241
1896-06-01,22.35209338521401
1896-07-01,24.3604046692607
1896-08-01,23.92257587548638
1896-09-01,19.887642023346302
1896-10-01,14.369132295719846
1896-11-01,9.835105058365759
1896-12-01,6.108992217898833
1897-01-01,3.1974085603112843
1897-02-01,5.7427704280155645
1897-03-01,8.69327626459144
1897-04-01,13.492984435797666
1897-05-01,17.69384824902724
1897-06-01,21.492785992217897
1897-07-01,24.344101167315177
1897-08-01,23.328416342412453
1897-09-01,20.909486381322957
1897-10-01,15.502859922178988
1897-11-01,9.721210116731518
1897-12-01,4.646214007782101
1898-01-01,4.26624513618677
1898-02-01,6.216544747081712
1898-03-01,9.61343579766537
1898-04-01,13.049817120622567
1898-05-01,17.243128404669264
1898-06-01,22.133501945525293
1898-07-01,24.13077431906615
1898-08-01,24.055544747081715
1898-09-01,21.194482490272375
1898-10-01,14.755229571984437
1898-11-01,8.500396887159532
1898-12-01,3.7347548638132295
1899-01-01,4.216299610894941
1899-02-01,2.587350194552529
1899-03-01,8.215980544747081
1899-04-01,13.354128404669261
1899-05-01,17.656715953307394
1899-06-01,22.07389494163424
1899-07-01,23.81095719844358
1899-08-01,23.53659922178988
1899-09-01,20.575898832684825
1899-10-01,15.555988326848249
1899-11-01,10.818747081712063
1899-12-01,5.159937743190661
1900-01-01,5.456863813229572
1900-02-01,4.740805447470817
1900-03-01,8.881385214007782
1900-04-01,12.929778210116732
1900-05-01,18.17784046692607
1900-06-01,22.206715953307395
1900-07-01,24.14371206225681
1900-08-01,23.977217898832688
1900-09-01,21.019610894941636
1900-10-01,16.639630350194555
1900-11-01,10.582455252918287
1900-12-01,5.86571206225681
1901-01-01,4.790365758754864
1901-02-01,3.759875486381323
1901-03-01,9.027922178988327
1901-04-01,11.99005447470817
1901-05-01,17.212326848249027
1901-06-01,21.870848249027237
1901-07-01,25.234256809338525
1901-08-01,24.03991439688716
1901-09-01,19.957015564202337
1901-10-01,15.761214007782101
1901-11-01,9.248735408560313
1901-12-01,4.612941634241245
1902-01-01,3.6049883268482494
1902-02-01,4.1115953307393
1902-03-01,9.31801167315175
1902-04-01,13.138342412451362
1902-05-01,18.208529182879378
1902-06-01,21.703482490272375
1902-07-01,23.588346303501947
1902-08-01,23.143015564202337
1902-09-01,19.96998832684825
1902-10-01,15.450396887159533
1902-11-01,10.99560700389105
1902-12-01,4.588175097276265
1903-01-01,4.282202334630351
1903-02-01,4.084972762645914
1903-03-01,10.28152140077821
1903-04-01,12.74260700389105
1903-05-01,17.559918287937744
1903-06-01,20.261867704280156
1903-07-01,23.388392996108948
1903-08-01,23.04382879377432
1903-09-01,19.997653696498055
1903-10-01,15.289494163424125
1903-11-01,9.161023346303502
1903-12-01,3.939101167315175
1904-01-01,2.46304280155642
1904-02-01,4.777120622568093
1904-03-01,9.610311284046693
1904-04-01,12.353556420233463
1904-05-01,17.908038910505837
1904-06-01,21.47152140077821
1904-07-01,23.058856031128407
1904-08-01,22.99262645914397
1904-09-01,20.85917120622568
1904-10-01,15.120178988326849
1904-11-01,9.958093385214008
1904-12-01,4.634307392996109
1905-01-01,2.942284046692607
1905-02-01,2.778614785992218
1905-03-01,10.688568093385214
1905-04-01,13.085583657587549
1905-05-01,17.42139688715953
1905-06-01,21.50860700389105
1905-07-01,23.475778210116733
1905-08-01,23.498365758754865
1905-09-01,20.93892607003891
1905-10-01,14.834587548638133
1905-11-01,9.793392996108949
1905-12-01,4.671295719844357
1906-01-01,5.663373540856031
1906-02-01,5.811027237354086
1906-03-01,7.092369649805447
1906-04-01,13.672070038910507
1906-05-01,17.35577431906615
1906-06-01,21.573805447470818
1906-07-01,23.839058365758756
1906-08-01,23.76933852140078
1906-09-01,21.39266926070039
1906-10-01,14.904058365758754
1906-11-01,9.343715953307393
1906-12-01,6.082603112840467
1907-01-01,5.351992217898832
1907-02-01,6.093140077821012
1907-03-01,11.055389105058365
1907-04-01,11.754066147859923
1907-05-01,15.83665758754864
1907-06-01,20.294042801556422
1907-07-01,23.84213618677043
1907-08-01,23.023704280155645
1907-09-01,20.418093385214007
1907-10-01,14.674618677042801
1907-11-01,9.372894941634241
1907-12-01,6.160058365758755
1908-01-01,4.964486381322957
1908-02-01,4.707758754863813
1908-03-01,10.745035019455253
1908-04-01,14.201241245136186
1908-05-01,17.18989494163424
1908-06-01,21.027844357976655
1908-07-01,24.108999999999998
1908-08-01,23.120778210116733
1908-09-01,20.754610894941635
1908-10-01,14.3367859922179
1908-11-01,10.066264591439689
1908-12-01,5.567719844357977
1909-01-01,5.744848249027237
1909-02-01,6.556431906614786
1909-03-01,8.45844747081712
1909-04-01,13.052852140077821
1909-05-01,16.7675953307393
1909-06-01,21.83115953307393
1909-07-01,23.453027237354085
1909-08-01,23.75125680933852
1909-09-01,20.123447470817123
1909-10-01,14.491389105058365
1909-11-01,11.378731517509728
1909-12-01,2.487389105058366
1910-01-01,3.8764357976653696
1910-02-01,4.171945525291829
1910-03-01,12.24991439688716
1910-04-01,14.309587548638131
1910-05-01,17.35796887159533
1910-06-01,20.98189494163424
1910-07-01,24.226035019455253
1910-08-01,23.35173151750973
1910-09-01,21.137719844357978
1910-10-01,16.118035019455252
1910-11-01,9.121035019455253
1910-12-01,4.439252918287937
1911-01-01,6.054782101167315
1911-02-01,5.9445330739299616
1911-03-01,9.931700389105059
1911-04-01,12.604715953307393
1911-05-01,18.220408560311284
1911-06-01,22.268610894941634
1911-07-01,23.955420233463038
1911-08-01,23.323688715953306
1911-09-01,21.189957198443583
1911-10-01,15.055533073929961
1911-11-01,8.470194552529183
1911-12-01,5.516217898832684
1912-01-01,2.010634241245136
1912-02-01,4.1836459143968865
1912-03-01,6.860645914396887
1912-04-01,12.797642023346304
1912-05-01,18.006416342412454
1912-06-01,20.857229571984437
1912-07-01,23.589653696498054
1912-08-01,22.697404669260703
1912-09-01,20.431214007782103
1912-10-01,15.16276653696498
1912-11-01,9.876918287937743
1912-12-01,5.520630350194552
1913-01-01,5.20823346303502
1913-02-01,4.365568093385214
1913-03-01,8.762661478599222
1913-04-01,13.172622568093386
1913-05-01,17.537571984435797
1913-06-01,21.272607003891054
1913-07-01,24.157704280155645
1913-08-01,24.20301167315175
1913-09-01,20.329003891050583
1913-10-01,14.919696498054474
1913-11-01,11.207630350194552
1913-12-01,5.72276653696498
1914-01-01,5.899575875486382
1914-02-01,4.043498054474709
1914-03-01,8.844933852140079
1914-04-01,13.25376653696498
1914-05-01,17.97690272373541
1914-06-01,22.134400778210118
1914-07-01,23.948630350194552
1914-08-01,23.476556420233464
1914-09-01,20.18749027237354
1914-10-01,16.024385214007783
1914-11-01,10.60226459143969
1914-12-01,3.0074396887159534
1915-01-01,3.800482490272373
1915-02-01,6.581015564202335
1915-03-01,7.16043579766537
1915-04-01,14.340743190661478
1915-05-01,16.69447859922179
1915-06-01,21.014431906614785
1915-07-01,23.310630350194554
1915-08-01,22.83010505836576
1915-09-01,20.781715953307394
1915-10-01,16.01750194552529
1915-11-01,10.516898832684824
1915-12-01,5.1518093385214
1916-01-01,4.818357976653696
1916-02-01,5.5826926070038905
1916-03-01,9.155182879377433
1916-04-01,12.98211673151751
1916-05-01,17.52299221789883
1916-06-01,20.570856031128404
1916-07-01,24.272715953307394
1916-08-01,23.545653696498054
1916-09-01,19.97307392996109
1916-10-01,14.319898832684824
1916-11-01,9.145638132295721
1916-12-01,4.016556420233463
1917-01-01,3.8314747081712066
1917-02-01,4.437186770428016
1917-03-01,8.33004280155642
1917-04-01,12.32387159533074
1917-05-01,14.801019455252918
1917-06-01,21.41510116731518
1917-07-01,24.461859922178988
1917-08-01,23.24968093385214
1917-09-01,20.110007782101167
1917-10-01,14.034980544747082
1917-11-01,9.762303501945524
1917-12-01,3.601587548638132
1918-01-01,0.9316887159533075
1918-02-01,5.913035019455253
1918-03-01,10.909424124513619
1918-04-01,12.609280155642024
1918-05-01,18.089381322957202
1918-06-01,22.75548249027237
1918-07-01,23.450719844357977
1918-08-01,24.229953307392996
1918-09-01,19.198739299610896
1918-10-01,16.6638093385214
1918-11-01,9.307941634241246
1918-12-01,6.154385214007782
1919-01-01,4.950614785992218
1919-02-01,5.173186770428016
1919-03-01,9.151770428015565
1919-04-01,13.246863813229572
1919-05-01,17.382369649805447
1919-06-01,21.975357976653697
1919-07-01,24.19796887159533
1919-08-01,23.3833813229572
1919-09-01,20.813875486381324
1919-10-01,15.820214007782102
1919-11-01,9.369575875486381
1919-12-01,3.948019455252918
1920-01-01,3.516011673151751
1920-02-01,5.220505836575875
1920-03-01,8.604280155642025
1920-04-01,11.7432140077821
1920-05-01,17.055241245136187
1920-06-01,21.172540856031127
1920-07-01,23.41374708171206
1920-08-01,23.030070038910505
1920-09-01,20.731933852140077
1920-10-01,15.442054474708172
1920-11-01,8.878684824902724
1920-12-01,5.468322957198443
1921-01-01,5.63998832684825
1921-02-01,6.969396887159533
1921-03-01,12.187392996108949
1921-04-01,13.530202334630351
1921-05-01,17.110817120622567
1921-06-01,22.343225680933852
1921-07-01,24.794809338521404
1921-08-01,23.42154085603113
1921-09-01,21.941217898832686
1921-10-01,15.717303501945525
1921-11-01,10.75591439688716
1921-12-01,6.70376653696498
1922-01-01,2.8244630350194555
1922-02-01,5.977560311284046
1922-03-01,8.85307392996109
1922-04-01,12.978715953307391
1922-05-01,18.386525291828796
1922-06-01,22.380354085603113
1922-07-01,23.93245914396887
1922-08-01,23.66839299610895
1922-09-01,21.858953307392998
1922-10-01,15.72888326848249
1922-11-01,9.753708171206226
1922-12-01,6.364389105058366
1923-01-01,5.9399922178988325
1923-02-01,4.173284046692608
1923-03-01,8.369774319066149
1923-04-01,12.817334630350194
1923-05-01,17.289023346303505
1923-06-01,21.278957198443578
1923-07-01,23.71517120622568
1923-08-01,23.256241245136188
1923-09-01,20.813085603112842
1923-10-01,14.274848249027237
1923-11-01,10.021887159533074
1923-12-01,7.228132295719845
1924-01-01,3.1712412451361867
1924-02-01,5.986015564202335
1924-03-01,7.228252918287938
1924-04-01,12.907856031128404
1924-05-01,16.779910505836575
1924-06-01,22.002389105058366
1924-07-01,23.224198443579766
1924-08-01,23.71843190661479
1924-09-01,19.688190661478597
1924-10-01,15.220571984435797
1924-11-01,10.298832684824903
1924-12-01,3.866190661478599
1925-01-01,3.809782101167315
1925-02-01,7.985813229571984
1925-03-01,10.465848249027237
1925-04-01,14.593163424124514
1925-05-01,17.174354085603113
1925-06-01,22.750143968871598
1925-07-01,24.41985992217899
1925-08-01,23.256459143968872
1925-09-01,21.475758754863815
1925-10-01,13.335914396887159
1925-11-01,9.12237354085603
1925-12-01,5.143677042801556
1926-01-01,4.007583657587549
1926-02-01,7.034354085603113
1926-03-01,8.37847859922179
1926-04-01,12.705097276264592
1926-05-01,17.922459143968872
1926-06-01,21.503097276264594
1926-07-01,23.91577431906615
1926-08-01,23.947105058365757
1926-09-01,20.584879377431907
1926-10-01,15.865832684824904
1926-11-01,9.783774319066147
1926-12-01,4.697073929961089
1927-01-01,4.795225680933853
1927-02-01,8.061303501945526
1927-03-01,9.49463813229572
1927-04-01,13.423964980544746
1927-05-01,17.75684824902724
1927-06-01,20.898630350194555
1927-07-01,23.87901945525292
1927-08-01,22.349988326848248
1927-09-01,20.676315175097276
1927-10-01,16.3742140077821
1927-11-01,11.759132295719844
1927-12-01,4.427424124513618
1928-01-01,4.997031128404669
1928-02-01,6.135809338521401
1928-03-01,9.928688715953308
1928-04-01,12.201093385214008
1928-05-01,17.87141245136187
1928-06-01,20.789338521400776
1928-07-01,24.032525291828794
1928-08-01,23.811058365758754
1928-09-01,19.949027237354084
1928-10-01,15.953747081712063
1928-11-01,9.80546692607004
1928-12-01,5.460105058365759
1929-01-01,3.3745992217898833
1929-02-01,3.3643073929961087
1929-03-01,10.409513618677043
1929-04-01,13.419677042801556
1929-05-01,17.439225680933852
1929-06-01,21.45636186770428
1929-07-01,24.027147859922177
1929-08-01,23.811241245136188
1929-09-01,20.54273540856031
1929-10-01,15.41713618677043
1929-11-01,9.10401167315175
1929-12-01,6.215272373540857
1930-01-01,2.6448793774319066
1930-02-01,8.603268482490272
1930-03-01,8.82575486381323
1930-04-01,14.430797665369651
1930-05-01,17.2442140077821
1930-06-01,21.819400778210117
1930-07-01,24.650326848249026
1930-08-01,23.853035019455255
1930-09-01,21.040692607003894
1930-10-01,14.502688715953306
1930-11-01,9.914618677042801
1930-12-01,4.475396887159532
1931-01-01,5.152879377431907
1931-02-01,7.2428210116731515
1931-03-01,8.457369649805447
1931-04-01,13.5088093385214
1931-05-01,17.76879766536965
1931-06-01,22.39480544747082
1931-07-01,25.66591439688716
1931-08-01,23.90912840466926
1931-09-01,22.160295719844356
1931-10-01,16.629451361867705
1931-11-01,11.109789883268482
1931-12-01,6.94804280155642
1932-01-01,5.8792023346303495
1932-02-01,7.680494163424124
1932-03-01,7.886727626459144
1932-04-01,13.202782101167314
1932-05-01,17.737015564202338
1932-06-01,21.965642023346305
1932-07-01,24.235350194552527
1932-08-01,23.849046692607004
1932-09-01,20.779731517509727
1932-10-01,15.115544747081712
1932-11-01,9.604579766536965
1932-12-01,4.442163424124513
1933-01-01,6.328354085603112
1933-02-01,4.803217898832686
1933-03-01,9.26050972762646
1933-04-01,12.899906614785992
1933-05-01,17.665863813229574
1933-06-01,22.451719844357978
1933-07-01,24.62382101167315
1933-08-01,23.681482490272376
1933-09-01,21.76720233463035
1933-10-01,16.142610894941633
1933-11-01,10.131505836575876
1933-12-01,6.880622568093385
1934-01-01,6.245501945525292
1934-02-01,4.778657587548638
1934-03-01,9.932708171206226
1934-04-01,14.534610894941634
1934-05-01,19.371525291828792
1934-06-01,22.723848249027238
1934-07-01,25.3975953307393
1934-08-01,24.112070038910506
1934-09-01,20.8964280155642
1934-10-01,16.232953307392997
1934-11-01,11.298486381322956
1934-12-01,5.505750972762646
1935-01-01,4.8259766536964985
1935-02-01,6.290661478599222
1935-03-01,10.267813229571985
1935-04-01,12.920097276264592
1935-05-01,16.478517509727627
1935-06-01,21.568186770428017
1935-07-01,24.584645914396887
1935-08-01,24.209821011673153
1935-09-01,20.418739299610895
1935-10-01,15.344922178988327
1935-11-01,9.405645914396889
1935-12-01,4.042731517509727
1936-01-01,3.5743929961089496
1936-02-01,2.9852996108949417
1936-03-01,10.751805447470817
1936-04-01,13.012591439688716
1936-05-01,19.077431906614787
1936-06-01,22.526194552529184
1936-07-01,25.245984435797666
1936-08-01,24.894677042801554
1936-09-01,21.53373151750973
1936-10-01,15.420260700389106
1936-11-01,9.298607003891052
1936-12-01,6.351482490272373
1937-01-01,3.797968871595331
1937-02-01,5.3790894941634235
1937-03-01,7.899568093385215
1937-04-01,12.881610894941634
1937-05-01,18.36134241245136
1937-06-01,22.14973151750973
1937-07-01,24.514268482490273
1937-08-01,24.868381322957198
1937-09-01,20.88252140077821
1937-10-01,15.283326848249027
1937-11-01,9.463272373540857
1937-12-01,5.527015564202334
1938-01-01,5.1305758754863815
1938-02-01,7.344677042801557
1938-03-01,10.88187159533074
1938-04-01,13.669743190661478
1938-05-01,17.721673151750974
1938-06-01,21.639132295719847
1938-07-01,24.22014007782101
1938-08-01,24.572334630350195
1938-09-01,21.223719844357976
1938-10-01,16.123070038910505
1938-11-01,9.692003891050582
1938-12-01,6.1963035019455255
1939-01-01,5.655163424124513
1939-02-01,5.094003891050584
1939-03-01,9.656408560311284
1939-04-01,13.513945525291827
1939-05-01,18.61061478599222
1939-06-01,22.302038910505836
1939-07-01,24.480089494163423
1939-08-01,24.13271206225681
1939-09-01,22.079089494163423
1939-10-01,16.084719844357977
1939-11-01,9.88452140077821
1939-12-01,7.357735408560311
1940-01-01,1.3663540856031129
1940-02-01,5.752673151750972
1940-03-01,9.088050583657587
1940-04-01,12.931715953307393
1940-05-01,17.905155642023345
1940-06-01,22.19803112840467
1940-07-01,24.09929571984436
1940-08-01,23.50996887159533
1940-09-01,20.203389105058363
1940-10-01,15.891326848249028
1940-11-01,9.226431906614787
1940-12-01,7.30176653696498
1941-01-01,5.1769105058365765
1941-02-01,5.429832684824902
1941-03-01,7.888245136186771
1941-04-01,13.856486381322956
1941-05-01,18.775587548638132
1941-06-01,21.468112840466926
1941-07-01,24.334163424124515
1941-08-01,23.532603112840466
1941-09-01,20.880793774319066
1941-10-01,16.327385214007784
1941-11-01,10.67652140077821
1941-12-01,6.989968871595331
1942-01-01,4.137665369649806
1942-02-01,4.278906614785993
1942-03-01,9.306241245136187
1942-04-01,13.972151750972762
1942-05-01,17.675863813229572
1942-06-01,21.8827859922179
1942-07-01,24.631443579766536
1942-08-01,23.525070038910506
1942-09-01,20.218249027237356
1942-10-01,15.776206225680934
1942-11-01,10.830762645914396
1942-12-01,5.344303501945525
1943-01-01,4.526050583657588
1943-02-01,6.937214007782101
1943-03-01,8.618206225680934
1943-04-01,13.530793774319067
1943-05-01,18.213046692607
1943-06-01,22.39490272373541
1943-07-01,24.392112840466925
1943-08-01,24.214178988326847
1943-09-01,20.48490272373541
1943-10-01,15.026354085603113
1943-11-01,9.569093385214009
1943-12-01,5.02673540856031
1944-01-01,5.04687159533074
1944-02-01,6.206626459143969
1944-03-01,8.482856031128405
1944-04-01,12.24987159533074
1944-05-01,18.642229571984437
1944-06-01,21.83233073929961
1944-07-01,23.78105447470817
1944-08-01,23.996237354085604
1944-09-01,21.081743190661477
1944-10-01,15.635023346303502
1944-11-01,9.779906614785993
1944-12-01,4.415365758754864
1945-01-01,3.606420233463035
1945-02-01,6.3982023346303505
1945-03-01,11.37053307392996
1945-04-01,13.747817120622567
1945-05-01,16.700961089494164
1945-06-01,21.15335019455253
1945-07-01,23.94808560311284
1945-08-01,23.620727626459143
1945-09-01,21.447319066147863
1945-10-01,15.368622568093384
1945-11-01,10.385964980544747
1945-12-01,3.8544980544747083
1946-01-01,4.845264591439689
1946-02-01,6.097140077821011
1946-03-01,11.642972762645915
1946-04-01,14.575268482490273
1946-05-01,17.256470817120626
1946-06-01,21.693517509727627
1946-07-01,24.180657587548637
1946-08-01,23.160801556420232
1946-09-01,20.94430739299611
1946-10-01,15.601151750972763
1946-11-01,10.313256809338522
1946-12-01,7.040984435797666
1947-01-01,5.18395719844358
1947-02-01,4.508447470817121
1947-03-01,7.9806186770428
1947-04-01,13.855167315175096
1947-05-01,17.90552140077821
1947-06-01,21.36045914396887
1947-07-01,23.628338521400778
1947-08-01,24.54058754863813
1947-09-01,21.74626459143969
1947-10-01,17.60612840466926
1947-11-01,8.475093385214008
1947-12-01,5.398568093385214
1948-01-01,2.9469182879377436
1948-02-01,4.9287743190661475
1948-03-01,8.565910505836575
1948-04-01,14.430556420233462
1948-05-01,17.465669260700388
1948-06-01,21.80903112840467
1948-07-01,24.085673151750974
1948-08-01,23.61617120622568
1948-09-01,21.0755953307393
1948-10-01,14.910774319066148
1948-11-01,10.598066147859923
1948-12-01,5.783046692607003
1949-01-01,3.656346303501946
1949-02-01,5.976902723735408
1949-03-01,9.094645914396887
1949-04-01,13.738315175097275
1949-05-01,18.30366926070039
1949-06-01,22.593813229571982
1949-07-01,24.64522178988327
1949-08-01,23.537949416342414
1949-09-01,20.338237354085603
1949-10-01,16.047762645914396
1949-11-01,11.217264591439688
1949-12-01,6.173252918287938
1950-01-01,6.107381322957198
1950-02-01,6.757381322957198
1950-03-01,8.393782101167316
1950-04-01,12.680439688715953
1950-05-01,17.714377431906616
1950-06-01,21.543326848249027
1950-07-01,23.404330739299613
1950-08-01,23.022330739299612
1950-09-01,20.028003891050584
1950-10-01,17.23476653696498
1950-11-01,9.997322957198444
1950-12-01,5.506315175097276
1951-01-01,4.79744747081712
1951-02-01,6.037124513618677
1951-03-01,8.952178988326848
1951-04-01,12.936416342412452
1951-05-01,17.993260700389104
1951-06-01,21.323836575875486
1951-07-01,24.311770428015564
1951-08-01,23.811494163424126
1951-09-01,20.871610894941632
1951-10-01,16.068634241245135
1951-11-01,8.417124513618678
1951-12-01,5.47798832684825
1952-01-01,5.679505836575876
1952-02-01,6.831821011673152
1952-03-01,7.932249027237354
1952-04-01,13.35927626459144
1952-05-01,18.043894941634242
1952-06-01,22.548770428015565
1952-07-01,24.78124513618677
1952-08-01,24.168311284046695
1952-09-01,21.231046692607002
1952-10-01,14.86768093385214
1952-11-01,9.375357976653698
1952-12-01,5.616630350194552
1953-01-01,7.032159533073929
1953-02-01,6.96027626459144
1953-03-01,10.318521400778211
1953-04-01,12.565863813229573
1953-05-01,17.62988326848249
1953-06-01,22.485159533073933
1953-07-01,24.698143968871594
1953-08-01,23.599214007782102
1953-09-01,21.32889494163424
1953-10-01,16.245727626459143
1953-11-01,10.692132295719844
1953-12-01,6.078544747081712
1954-01-01,4.845217898832685
1954-02-01,8.97041634241245
1954-03-01,8.442431906614786
1954-04-01,15.359027237354086
1954-05-01,17.063171206225682
1954-06-01,22.21584046692607
1954-07-01,25.134778210116732
1954-08-01,23.684653696498057
1954-09-01,21.615964980544746
1954-10-01,16.136513618677043
1954-11-01,10.437050583657587
1954-12-01,5.569879377431906
1955-01-01,3.640848249027237
1955-02-01,5.174642023346304
1955-03-01,9.547859922178988
1955-04-01,14.215879377431907
1955-05-01,18.37132684824903
1955-06-01,20.731299610894943
1955-07-01,24.620128404669263
1955-08-01,24.624077821011674
1955-09-01,21.471070038910508
1955-10-01,15.871252918287936
1955-11-01,9.025256809338522
1955-12-01,5.115354085603113
1956-01-01,4.568256809338521
1956-02-01,5.662836575875486
1956-03-01,8.988101167315175
1956-04-01,12.578319066147861
1956-05-01,18.28755252918288
1956-06-01,22.50885992217899
1956-07-01,23.972918287937745
1956-08-01,23.599505836575876
1956-09-01,20.98875486381323
1956-10-01,16.198408560311282
1956-11-01,9.725501945525293
1956-12-01,7.44027626459144
1957-01-01,3.383875486381323
1957-02-01,8.403151750972762
1957-03-01,9.32575486381323
1957-04-01,13.69022178988327
1957-05-01,17.54471206225681
1957-06-01,22.72045525291829
1957-07-01,24.685867704280156
1957-08-01,23.604914396887157
1957-09-01,20.750645914396888
1957-10-01,14.232992217898833
1957-11-01,9.569871595330739
1957-12-01,7.182852140077821
1958-01-01,4.3550233463035015
1958-02-01,4.4879143968871595
1958-03-01,7.483774319066147
1958-04-01,13.41371206225681
1958-05-01,18.52758365758755
1958-06-01,21.615906614785995
1958-07-01,24.15094552529183
1958-08-01,24.38882101167315
1958-09-01,21.36711673151751
1958-10-01,16.119241245136184
1958-11-01,10.97650972762646
1958-12-01,5.011459143968871
1959-01-01,4.189264591439689
1959-02-01,5.7347587548638135
1959-03-01,9.552299610894941
1959-04-01,14.300163424124513
1959-05-01,18.63693385214008
1959-06-01,22.608782101167318
1959-07-01,24.65376653696498
1959-08-01,24.51254085603113
1959-09-01,21.18349805447471
1959-10-01,16.07398054474708
1959-11-01,9.393284046692607
1959-12-01,6.825280155642023
1960-01-01,4.199381322957199
1960-02-01,4.801906614785992
1960-03-01,6.653272373540855
1960-04-01,14.566937743190662
1960-05-01,17.50794941634241
1960-06-01,22.499579766536964
1960-07-01,24.313505836575874
1960-08-01,23.946618677042803
1960-09-01,21.64026848249027
1960-10-01,15.839961089494164
1960-11-01,10.485070038910505
1960-12-01,3.9540466926070037
1961-01-01,3.5997704280155642
1961-02-01,7.330490272373542
1961-03-01,10.117599221789883
1961-04-01,12.543284046692609
1961-05-01,16.853058365758756
1961-06-01,22.079696498054474
1961-07-01,24.321151750972763
1961-08-01,23.870389105058365
1961-09-01,20.98241634241245
1961-10-01,15.653754863813228
1961-11-01,9.679167315175098
1961-12-01,4.890972762645914
1962-01-01,3.158
1962-02-01,6.325435797665369
1962-03-01,7.671544747081712
1962-04-01,13.898050583657588
1962-05-01,18.73489105058366
1962-06-01,21.629214007782103
1962-07-01,23.59877431906615
1962-08-01,24.02355252918288
1962-09-01,20.377770428015566
1962-10-01,16.307175097276268
1962-11-01,10.028346303501944
1962-12-01,4.97155252918288
1963-01-01,1.8802412451361867
1963-02-01,5.517334630350194
1963-03-01,10.05960700389105
1963-04-01,13.59911673151751
1963-05-01,17.95392607003891
1963-06-01,21.712322957198445
1963-07-01,24.184536964980545
1963-08-01,23.57661478599222
1963-09-01,21.186027237354086
1963-10-01,17.606101167315174
1963-11-01,10.901540856031128
1963-12-01,2.853587548638132
1964-01-01,4.575770428015564
1964-02-01,4.645984435797666
1964-03-01,8.624715953307394
1964-04-01,13.505696498054474
1964-05-01,18.14924513618677
1964-06-01,21.663715953307392
1964-07-01,24.610451361867707
1964-08-01,23.362365758754866
1964-09-01,20.461556420233464
1964-10-01,15.381704280155642
1964-11-01,10.424891050583659
1964-12-01,5.864634241245136
1965-01-01,4.919326848249026
1965-02-01,5.366642023346304
1965-03-01,7.250649805447471
1965-04-01,13.568217898832685
1965-05-01,18.446015564202334
1965-06-01,20.74612840466926
1965-07-01,23.642735408560313
1965-08-01,23.6551906614786
1965-09-01,20.19366147859922
1965-10-01,15.847859922178989
1965-11-01,11.258770428015564
1965-12-01,6.459735408560311
1966-01-01,2.7269027237354084
1966-02-01,4.751470817120622
1966-03-01,9.843354085603114
1966-04-01,13.37764980544747
1966-05-01,17.557770428015562
1966-06-01,21.860824902723735
1966-07-01,24.74255252918288
1966-08-01,23.640653696498056
1966-09-01,20.352560311284048
1966-10-01,15.0604280155642
1966-11-01,10.910058365758754
1966-12-01,5.341782101167315
1967-01-01,5.67892607003891
1967-02-01,5.1739105058365755
1967-03-01,10.089817120622568
1967-04-01,13.001264591439687
1967-05-01,16.673961089494163
1967-06-01,21.467867704280156
1967-07-01,23.943245136186768
1967-08-01,23.634953307392998
1967-09-01,20.223727626459144
1967-10-01,15.690097276264591
1967-11-01,9.964587548638132
1967-12-01,5.5106031128404664
1968-01-01,3.4916303501945523
1968-02-01,5.20324513618677
1968-03-01,9.863439688715953
1968-04-01,13.761879377431907
1968-05-01,17.113159533073933
1968-06-01,22.007556420233463
1968-07-01,24.08493774319066
1968-08-01,23.510587548638135
1968-09-01,20.671416342412453
1968-10-01,15.863490272373541
1968-11-01,9.707073929961089
1968-12-01,4.213805447470817
1969-01-01,4.365081712062257
1969-02-01,5.171953307392996
1969-03-01,7.108501945525291
1969-04-01,14.028
1969-05-01,18.29384824902724
1969-06-01,21.3915719844358
1969-07-01,24.72235019455253
1969-08-01,24.415778210116734
1969-09-01,21.124007782101167
1969-10-01,14.713241245136187
1969-11-01,9.774284046692607
1969-12-01,5.397883268482491
1970-01-01,2.5933579766536967
1970-02-01,6.254739299610894
1970-03-01,8.337910505836575
1970-04-01,13.1375953307393
1970-05-01,18.58860700389105
1970-06-01,21.858824902723736
1970-07-01,24.564031128404668
1970-08-01,24.392856031128403
1970-09-01,21.223303501945527
1970-10-01,15.19145914396887
1970-11-01,9.904439688715954
1970-12-01,6.0104396887159535
1971-01-01,3.796428015564202
1971-02-01,5.716501945525292
1971-03-01,8.440490272373541
1971-04-01,12.712867704280155
1971-05-01,16.599276264591442
1971-06-01,22.35419844357977
1971-07-01,24.00992607003891
1971-08-01,23.722027237354087
1971-09-01,21.340770428015567
1971-10-01,16.412412451361867
1971-11-01,9.726665369649806
1971-12-01,6.614206225680935
1972-01-01,4.571062256809339
1972-02-01,5.867828793774319
1972-03-01,10.54408560311284
1972-04-01,13.405665369649805
1972-05-01,18.061832684824903
1972-06-01,21.582634241245138
1972-07-01,24.272677042801558
1972-08-01,23.71142412451362
1972-09-01,20.958684824902726
1972-10-01,14.582241245136187
1972-11-01,8.47433073929961
1972-12-01,4.798750972762646
1973-01-01,4.039696498054474
1973-02-01,5.484112840466926
1973-03-01,10.350918287937743
1973-04-01,12.82284046692607
1973-05-01,17.555630350194555
1973-06-01,22.61835019455253
1973-07-01,24.215747081712063
1973-08-01,23.886785992217902
1973-09-01,20.822564202334632
1973-10-01,16.42681712062257
1973-11-01,10.739976653696498
1973-12-01,5.912509727626459
1974-01-01,5.263867704280156
1974-02-01,5.930968871595331
1974-03-01,10.722766536964981
1974-04-01,13.848945525291828
1974-05-01,18.09069260700389
1974-06-01,21.694260700389105
1974-07-01,24.406097276264592
1974-08-01,23.393696498054474
1974-09-01,20.05517120622568
1974-10-01,15.101949416342412
1974-11-01,10.123521400778209
1974-12-01,5.5440311284046695
1975-01-01,5.656805447470817
1975-02-01,5.896249027237354
1975-03-01,8.161
1975-04-01,11.389435797665369
1975-05-01,18.447649805447472
1975-06-01,21.66488326848249
1975-07-01,23.972163424124517
1975-08-01,23.803793774319065
1975-09-01,20.051058365758756
1975-10-01,15.803782101167316
1975-11-01,10.770883268482491
1975-12-01,5.91963813229572
1976-01-01,3.8952762645914394
1976-02-01,8.335482490272375
1976-03-01,10.294280155642024
1976-04-01,13.57373540856031
1976-05-01,17.326112840466926
1976-06-01,21.992377431906615
1976-07-01,23.861906614785994
1976-08-01,22.98641245136187
1976-09-01,20.23460700389105
1976-10-01,13.829821011673152
1976-11-01,8.539653696498053
1976-12-01,4.291482490272373
1977-01-01,0.7143073929961089
1977-02-01,6.429295719844358
1977-03-01,10.121136186770428
1977-04-01,14.743023346303502
1977-05-01,18.109038910505838
1977-06-01,22.388972762645917
1977-07-01,24.940875486381323
1977-08-01,24.13282101167315
1977-09-01,21.475560311284045
1977-10-01,15.419645914396888
1977-11-01,11.017342412451361
1977-12-01,5.997501945525292
1978-01-01,2.4746887159533073
1978-02-01,2.8190233463035015
1978-03-01,8.976688715953307
1978-04-01,13.389684824902723
1978-05-01,18.02322568093385
1978-06-01,22.432844357976652
1978-07-01,24.528408560311284
1978-08-01,24.023677042801555
1978-09-01,21.411431906614787
1978-10-01,15.884684824902724
1978-11-01,10.333385214007782
1978-12-01,4.823715953307393
1979-01-01,1.4996653696498055
1979-02-01,2.9012217898832686
1979-03-01,9.809011673151751
1979-04-01,13.337408560311284
1979-05-01,17.821046692607005
1979-06-01,21.855739299610896
1979-07-01,24.147642023346304
1979-08-01,23.378941634241244
1979-09-01,21.563428015564202
1979-10-01,15.919540856031128
1979-11-01,9.797101167315175
1979-12-01,6.762700389105058
1980-01-01,5.125256809338522
1980-02-01,5.189167315175097
1980-03-01,8.449494163424124
1980-04-01,13.405731517509729
1980-05-01,17.608961089494162
1980-06-01,21.79200778210117
1980-07-01,25.508929961089496
1980-08-01,24.711824902723738
1980-09-01,21.635186770428017
1980-10-01,15.041968871595332
1980-11-01,9.951789883268482
1980-12-01,6.139712062256809
1981-01-01,4.026291828793775
1981-02-01,7.117252918287938
1981-03-01,9.251486381322957
1981-04-01,15.38671206225681
1981-05-01,17.560081712062257
1981-06-01,23.4747859922179
1981-07-01,24.79524124513619
1981-08-01,23.946665369649804
1981-09-01,20.759859922178986
1981-10-01,14.529984435797665
1981-11-01,10.939525291828794
1981-12-01,5.7154202334630355
1982-01-01,2.479451361867704
1982-02-01,5.770972762645914
1982-03-01,9.435120622568093
1982-04-01,12.589544747081712
1982-05-01,18.563023346303503
1982-06-01,20.729241245136187
1982-07-01,24.25489494163424
1982-08-01,23.739112840466927
1982-09-01,20.602400778210118
1982-10-01,15.400727626459144
1982-11-01,10.125789883268482
1982-12-01,7.170210116731517
1983-01-01,4.978494163424124
1983-02-01,6.71376653696498
1983-03-01,9.527770428015565
1983-04-01,11.61652140077821
1983-05-01,17.155630350194553
1983-06-01,21.51136964980545
1983-07-01,24.68825291828794
1983-08-01,25.090708171206224
1983-09-01,21.72590661478599
1983-10-01,16.19485214007782
1983-11-01,10.537070038910507
1983-12-01,3.2744980544747078
1984-01-01,3.415151750972763
1984-02-01,7.429007782101167
1984-03-01,8.784478599221789
1984-04-01,12.941466926070039
1984-05-01,18.381505836575876
1984-06-01,22.40149805447471
1984-07-01,24.334132295719847
1984-08-01,24.422642023346302
1984-09-01,20.97471206225681
1984-10-01,15.884027237354086
1984-11-01,9.543910505836575
1984-12-01,7.087879377431907
1985-01-01,2.1912996108949416
1985-02-01,4.884272373540856
1985-03-01,10.15395719844358
1985-04-01,15.174330739299611
1985-05-01,18.59660700389105
1985-06-01,22.094221789883267
1985-07-01,24.65122178988327
1985-08-01,23.74060700389105
1985-09-01,20.295443579766538
1985-10-01,16.107801556420235
1985-11-01,10.325054474708171
1985-12-01,3.8723463035019456
1986-01-01,6.020832684824903
1986-02-01,6.900645914396887
1986-03-01,11.018832684824904
1986-04-01,14.354879377431907
1986-05-01,18.53137354085603
1986-06-01,22.664466926070038
1986-07-01,24.54417120622568
1986-08-01,23.682688715953308
1986-09-01,20.441101167315175
1986-10-01,15.606883268482491
1986-11-01,10.34075486381323
1986-12-01,6.026789883268482
1987-01-01,4.142918287937743
1987-02-01,6.746766536964981
1987-03-01,9.7074280155642
1987-04-01,14.339498054474706
1987-05-01,19.207439688715954
1987-06-01,22.767365758754863
1987-07-01,24.167311284046693
1987-08-01,24.083182879377432
1987-09-01,21.07014785992218
1987-10-01,14.974400778210116
1987-11-01,10.75479766536965
1987-12-01,5.881175097276264
1988-01-01,3.166758754863813
1988-02-01,5.894743190661479
1988-03-01,9.959058365758755
1988-04-01,13.634416342412452
1988-05-01,18.15526459143969
1988-06-01,22.26346692607004
1988-07-01,25.158533073929963
1988-08-01,24.78050972762646
1988-09-01,20.83444747081712
1988-10-01,15.011003891050583
1988-11-01,10.79412840466926
1988-12-01,5.573544747081712
1989-01-01,6.077428015564202
1989-02-01,4.420463035019456
1989-03-01,10.197782101167315
1989-04-01,14.558891050583659
1989-05-01,18.023513618677043
1989-06-01,22.006202334630352
1989-07-01,24.538922178988326
1989-08-01,23.446140077821013
1989-09-01,20.520556420233465
1989-10-01,15.689147859922178
1989-11-01,10.614992217898832
1989-12-01,2.511373540856031
1990-01-01,7.0358638132295725
1990-02-01,7.266976653696498
1990-03-01,10.756291828793776
1990-04-01,14.206338521400777
1990-05-01,17.53062645914397
1990-06-01,22.91126848249027
1990-07-01,24.523303501945527
1990-08-01,23.963933852140077
1990-09-01,21.626996108949417
1990-10-01,16.195136186770426
1990-11-01,11.47839299610895
1990-12-01,5.388447470817121
1991-01-01,4.344128404669261
1991-02-01,8.364428015564203
1991-03-01,9.818879377431907
1991-04-01,14.42414785992218
1991-05-01,19.01479766536965
1991-06-01,22.12823346303502
1991-07-01,24.564832684824903
1991-08-01,24.00868093385214
1991-09-01,20.960840466926072
1991-10-01,16.550665369649803
1991-11-01,9.385894941634241
1991-12-01,6.720677042801556
1992-01-01,5.195093385214007
1992-02-01,8.152684824902723
1992-03-01,9.988992217898833
1992-04-01,14.22206225680934
1992-05-01,18.246206225680933
1992-06-01,21.370789883268486
1992-07-01,23.941120622568096
1992-08-01,23.18736186770428
1992-09-01,21.059377431906615
1992-10-01,15.650459143968872
1992-11-01,9.648719844357977
1992-12-01,5.351015564202335
1993-01-01,5.058443579766537
1993-02-01,4.855731517509728
1993-03-01,9.240731517509728
1993-04-01,13.205731517509728
1993-05-01,18.437124513618677
1993-06-01,22.11056420233463
1993-07-01,24.584696498054473
1993-08-01,24.361066147859923
1993-09-01,20.541700389105056
1993-10-01,15.273778210116731
1993-11-01,9.290758754863813
1993-12-01,5.646381322957198
1994-01-01,3.5957548638132297
1994-02-01,5.131105058365758
1994-03-01,10.39184046692607
1994-04-01,14.49575486381323
1994-05-01,17.559607003891053
1994-06-01,23.39771206225681
1994-07-01,24.56955252918288
1994-08-01,23.997708171206227
1994-09-01,20.918369649805445
1994-10-01,15.566778210116732
1994-11-01,10.370206225680933
1994-12-01,6.887470817120622
1995-01-01,5.4256031128404665
1995-02-01,6.942155642023346
1995-03-01,10.294046692607004
1995-04-01,13.047914396887158
1995-05-01,17.326929961089494
1995-06-01,21.660237354085606
1995-07-01,24.90830739299611
1995-08-01,25.257793774319065
1995-09-01,21.074459143968873
1995-10-01,16.45345914396887
1995-11-01,10.086291828793774
1995-12-01,5.49317120622568
1996-01-01,4.368105058365758
1996-02-01,6.612108949416343
1996-03-01,8.379536964980545
1996-04-01,13.778735408560312
1996-05-01,18.833996108949417
1996-06-01,22.766536964980546
1996-07-01,24.72585992217899
1996-08-01,24.27947859922179
1996-09-01,20.544295719844357
1996-10-01,15.47352140077821
1996-11-01,9.313459143968872
1996-12-01,6.723073929961089
1997-01-01,4.40064980544747
1997-02-01,7.268863813229572
1997-03-01,11.30820233463035
1997-04-01,12.672727626459144
1997-05-01,18.208256809338522
1997-06-01,21.896848249027236
1997-07-01,24.436295719844356
1997-08-01,23.95274708171206
1997-09-01,21.834451361867703
1997-10-01,15.569789883268482
1997-11-01,9.598019455252919
1997-12-01,5.60811673151751
1998-01-01,6.689898832684825
1998-02-01,7.472186770428016
1998-03-01,9.497564202334631
1998-04-01,13.209517509727627
1998-05-01,18.703634241245137
1998-06-01,22.076645914396888
1998-07-01,25.290883268482492
1998-08-01,25.1942373540856
1998-09-01,22.4107859922179
1998-10-01,16.087579766536965
1998-11-01,11.156062256809339
1998-12-01,6.882957198443579
1999-01-01,5.732922178988327
1999-02-01,7.841062256809338
1999-03-01,9.015556420233462
1999-04-01,13.693451361867705
1999-05-01,17.996322957198444
1999-06-01,22.11039299610895
1999-07-01,25.025984435797664
1999-08-01,24.30633073929961
1999-09-01,21.08186381322957
1999-10-01,16.242996108949416
1999-11-01,12.457412451361867
1999-12-01,6.767789883268483
2000-01-01,5.544793774319066
2000-02-01,8.11590272373541
2000-03-01,11.347583657587549
2000-04-01,14.126548638132297
2000-05-01,19.614455252918287
2000-06-01,22.743443579766538
2000-07-01,24.178821011673154
2000-08-01,24.63271984435798
2000-09-01,21.31657587548638
2000-10-01,15.800961089494164
2000-11-01,8.515560311284046
2000-12-01,3.700560311284047
2001-01-01,4.0248326848249025
2001-02-01,6.383389105058366
2001-03-01,9.097762645914397
2001-04-01,14.21292607003891
2001-05-01,19.59791439688716
2001-06-01,22.819498054474707
2001-07-01,24.438396887159534
2001-08-01,24.88105058365759
2001-09-01,20.97303112840467
2001-10-01,15.977708171206224
2001-11-01,12.42866926070039
2001-12-01,7.220295719844358
2002-01-01,6.133474708171206
2002-02-01,7.2155797665369645
2002-03-01,9.229416342412451
2002-04-01,14.985447470817121
2002-05-01,17.72644747081712
2002-06-01,23.01092607003891
2002-07-01,25.366844357976657
2002-08-01,24.592319066147862
2002-09-01,22.261249027237355
2002-10-01,15.15027626459144
2002-11-01,10.181614785992219
2002-12-01,5.8501750972762645
2003-01-01,4.882813229571984
2003-02-01,5.294540856031129
2003-03-01,10.410540856031128
2003-04-01,13.305256809338522
2003-05-01,18.356424124513616
2003-06-01,21.820961089494165
2003-07-01,25.32766926070039
2003-08-01,25.084778210116735
2003-09-01,21.326715953307396
2003-10-01,16.781264591439687
2003-11-01,10.861132295719845
2003-12-01,6.166408560311284
2004-01-01,4.037229571984436
2004-02-01,5.445536964980544
2004-03-01,12.205268482490272
2004-04-01,14.423023346303502
2004-05-01,19.523743190661477
2004-06-01,22.146326848249025
2004-07-01,24.300536964980544
2004-08-01,23.363338521400777
2004-09-01,21.655980544747084
2004-10-01,16.05982101167315
2004-11-01,10.608443579766536
2004-12-01,6.00171206225681
2005-01-01,5.4964046692607
2005-02-01,7.217961089494164
2005-03-01,9.230953307392996
2005-04-01,13.83047859922179
2005-05-01,17.768015564202337
2005-06-01,22.596575875486383
2005-07-01,25.529622568093387
2005-08-01,24.937610894941635
2005-09-01,22.083322957198444
2005-10-01,16.14931128404669
2005-11-01,11.724081712062256
2005-12-01,5.386155642023346
2006-01-01,7.791031128404669
2006-02-01,6.49372373540856
2006-03-01,9.362408560311284
2006-04-01,14.968494163424124
2006-05-01,18.940381322957197
2006-06-01,23.29515564202335
2006-07-01,26.047984435797666
2006-08-01,24.73636964980545
2006-09-01,20.470062256809342
2006-10-01,15.046058365758755
2006-11-01,11.361824902723736
2006-12-01,7.399011673151751
2007-01-01,4.912832684824902
2007-02-01,4.776774319066148
2007-03-01,11.87571206225681
2007-04-01,13.22468093385214
2007-05-01,19.070326848249024
2007-06-01,22.708961089494164
2007-07-01,24.59001167315175
2007-08-01,25.41458754863813
2007-09-01,21.71187937743191
2007-10-01,17.230645914396888
2007-11-01,11.010307392996108
2007-12-01,5.785443579766537
2008-01-01,4.448517509727626
2008-02-01,6.337634241245136
2008-03-01,9.771315175097277
2008-04-01,13.895700389105059
2008-05-01,17.741038910505836
2008-06-01,23.385377431906615
2008-07-01,24.90620233463035
2008-08-01,24.16608560311284
2008-09-01,21.575097276264593
2008-10-01,15.815163424124515
2008-11-01,10.782587548638132
2008-12-01,5.430112840466926
2009-01-01,4.442949416342413
2009-02-01,6.873867704280156
2009-03-01,10.067280155642024
2009-04-01,13.716743190661479
2009-05-01,19.169182879377434
2009-06-01,22.167136186770428
2009-07-01,24.36647081712062
2009-08-01,24.32293774319066
2009-09-01,21.62698054474708
2009-10-01,14.558922178988327
2009-11-01,11.740992217898832
2009-12-01,4.588443579766537
2010-01-01,4.106980544747081
2010-02-01,4.733856031128404
2010-03-01,9.945575875486382
2010-04-01,14.355972762645916
2010-05-01,18.384167315175095
2010-06-01,23.412081712062257
2010-07-01,25.272097276264592
2010-08-01,24.962178988326848
2010-09-01,22.053649805447474
2010-10-01,16.206105058365758
2010-11-01,10.359143968871596
2010-12-01,4.814727626459144
2011-01-01,3.859396887159533
2011-02-01,5.624354085603113
2011-03-01,10.16325680933852
2011-04-01,14.527023346303503
2011-05-01,17.82941634241245
2011-06-01,22.822560311284047
2011-07-01,25.804587548638136
2011-08-01,25.28984435797665
2011-09-01,21.66727626459144
2011-10-01,16.014062256809336
2011-11-01,10.93492607003891
2011-12-01,6.675385214007782
2012-01-01,6.7973735408560305
2012-02-01,7.704964980544747
2012-03-01,13.023770428015563
2012-04-01,14.92443579766537
2012-05-01,19.958696498054476
2012-06-01,22.814953307392997
2012-07-01,25.67382879377432
2012-08-01,25.031774319066148
2012-09-01,21.756727626459146
2012-10-01,15.99422568093385
2012-11-01,10.60811673151751
2012-12-01,7.222295719844357
2013-01-01,5.4304046692607
2013-02-01,5.96563813229572
2013-03-01,9.071175097276264
2013-04-01,13.75025680933852
2013-05-01,18.643377431906615
2013-06-01,23.226322957198445
2013-07-01,24.925054474708173
2013-08-01,24.107260700389105
2013-09-01,22.339171875
