date,Japan_AverageTemperature
1839-01-01,-8.984
1839-02-01,-8.502
1839-03-01,-6.355
1839-04-01,2.769
1839-05-01,8.21
1839-06-01,12.549
1839-07-01,17.400000000000002
1839-08-01,19.185
1839-09-01,14.486
1839-10-01,7.151999999999999
1839-11-01,-0.8540000000000001
1839-12-01,-7.527
1840-01-01,-7.843
1840-02-01,-9.084
1840-03-01,-5.476
1840-04-01,3.076
1840-05-01,9.193
1840-06-01,13.781
1840-07-01,18.363
1840-08-01,18.315
1840-09-01,14.49
1840-10-01,7.366999999999999
1840-11-01,0.343
1840-12-01,-6.0120000000000005
1841-01-01,-0.11114285714285728
1841-02-01,0.8747755102040817
1841-03-01,4.028947368421052
1841-04-01,10.22320879120879
1841-05-01,15.635956043956043
1841-06-01,19.093285714285713
1841-07-01,24.06951020408163
1841-08-01,24.775163265306123
1841-09-01,20.2045306122449
1841-10-01,14.218857142857145
1841-11-01,8.415632653061223
1841-12-01,4.117265306122449
1842-01-01,1.2387346938775512
1842-02-01,1.8982448979591835
1842-03-01,6.037081632653061
1842-04-01,10.806163265306122
1842-05-01,14.595938775510204
1842-06-01,19.112489795918368
1842-07-01,23.155591836734693
1842-08-01,24.519000000000002
1842-09-01,20.38365306122449
1842-10-01,13.801367346938777
1842-11-01,8.217265306122448
1842-12-01,5.208632653061224
1843-01-01,2.2066938775510203
1843-02-01,3.0347755102040814
1843-03-01,5.685081632653062
1843-04-01,10.374020408163265
1843-05-01,14.078877551020408
1843-06-01,18.8564693877551
1843-07-01,23.699142857142856
1843-08-01,24.6974693877551
1843-09-01,20.576326530612246
1843-10-01,13.98634693877551
1843-11-01,8.698408163265306
1843-12-01,5.050081632653061
1844-01-01,1.4227551020408165
1844-02-01,1.2477755102040817
1844-03-01,5.554265306122449
1844-04-01,9.880265306122448
1844-05-01,14.364857142857144
1844-06-01,19.093285714285713
1844-07-01,23.477408163265306
1844-08-01,24.514938775510203
1844-09-01,20.953326086956523
1844-10-01,15.50780434782609
1844-11-01,9.347315217391303
1844-12-01,3.9892173913043476
1845-01-01,3.63816
1845-02-01,2.555102857142857
1845-03-01,6.171394285714285
1845-04-01,10.984422857142858
1845-05-01,15.513319999999998
1845-06-01,20.093262857142857
1845-07-01,24.57430285714286
1845-08-01,24.712262857142857
1845-09-01,20.304491428571428
1845-10-01,14.035011428571428
1845-11-01,8.407565714285715
1845-12-01,2.9689200000000002
1846-01-01,2.4552228571428576
1846-02-01,2.876542857142857
1846-03-01,6.520325714285715
1846-04-01,10.793731428571428
1846-05-01,14.718285714285713
1846-06-01,20.154354285714287
1846-07-01,24.292742857142855
1846-08-01,25.59604
1846-09-01,21.6658
1846-10-01,15.103777142857144
1846-11-01,8.930217142857144
1846-12-01,5.638342857142857
1847-01-01,2.915777142857143
1847-02-01,2.8759485714285717
1847-03-01,5.113045714285715
1847-04-01,11.273451428571429
1847-05-01,15.435525714285712
1847-06-01,19.551851428571428
1847-07-01,24.143531428571432
1847-08-01,25.383994285714287
1847-09-01,21.00837142857143
1847-10-01,14.748468571428571
1847-11-01,10.490502857142857
1847-12-01,4.401828571428571
1848-01-01,1.1788914285714287
1848-02-01,3.390657142857143
1848-03-01,5.871297142857142
1848-04-01,11.093908571428571
1848-05-01,15.92968
1848-06-01,19.864965714285713
1848-07-01,24.466257142857145
1848-08-01,24.642451428571434
1848-09-01,20.65185142857143
1848-10-01,15.346257142857143
1848-11-01,8.61204
1848-12-01,5.186754285714286
1849-01-01,2.826154285714286
1849-02-01,4.14192
1849-03-01,6.997365714285714
1849-04-01,10.285634285714284
1849-05-01,15.101959999999998
1849-06-01,19.677468571428573
1849-07-01,23.438228571428574
1849-08-01,24.95297142857143
1849-09-01,21.279874285714286
1849-10-01,14.847617142857143
1849-11-01,8.898097142857143
1849-12-01,3.7051714285714286
1850-01-01,1.1926285714285714
1850-02-01,2.792502857142857
1850-03-01,6.298251428571429
1850-04-01,9.863217142857142
1850-05-01,15.058039999999998
1850-06-01,19.726388571428572
1850-07-01,24.02542857142857
1850-08-01,24.324977142857144
1850-09-01,20.592914285714286
1850-10-01,14.425354285714285
1850-11-01,8.51632
1850-12-01,4.138731428571429
1851-01-01,2.545577142857143
1851-02-01,2.200622857142857
1851-03-01,5.2846971428571425
1851-04-01,9.683725714285714
1851-05-01,15.296999999999999
1851-06-01,19.237434285714286
1851-07-01,24.21486285714286
1851-08-01,24.609645714285715
1851-09-01,20.46276571428572
1851-10-01,14.327394285714284
1851-11-01,9.2662
1851-12-01,3.795977142857143
1852-01-01,1.762617142857143
1852-02-01,1.1694971428571428
1852-03-01,4.245942857142857
1852-04-01,9.555805714285714
1852-05-01,15.290519999999999
1852-06-01,20.084977142857145
1852-07-01,24.641959999999997
1852-08-01,24.427440000000004
1852-09-01,20.799897142857144
1852-10-01,15.288925714285714
1852-11-01,8.396502857142858
1852-12-01,5.09872
1853-01-01,1.46244
1853-02-01,1.0363714285714287
1853-03-01,5.294742857142857
1853-04-01,10.105451428571428
1853-05-01,15.451828571428573
1853-06-01,20.126182857142858
1853-07-01,24.905154285714286
1853-08-01,24.844754285714288
1853-09-01,21.428868571428573
1853-10-01,14.43329142857143
1853-11-01,9.285565714285713
1853-12-01,4.39684
1854-01-01,1.8335428571428571
1854-02-01,1.8155714285714286
1854-03-01,6.207599999999999
1854-04-01,10.908777142857142
1854-05-01,16.169468571428574
1854-06-01,19.946502857142857
1854-07-01,24.40929142857143
1854-08-01,25.40585142857143
1854-09-01,21.49024
1854-10-01,15.516297142857143
1854-11-01,9.366108571428573
1854-12-01,4.462457142857144
1855-01-01,3.1937257142857147
1855-02-01,2.2031085714285714
1855-03-01,6.420148571428572
1855-04-01,12.857857142857142
1855-05-01,16.55701142857143
1855-06-01,20.720057142857144
1855-07-01,24.511211428571425
1855-08-01,24.706931428571433
1855-09-01,21.65610857142857
1855-10-01,14.929270114942529
1855-11-01,8.832657142857142
1855-12-01,4.537748571428572
1856-01-01,2.105897142857143
1856-02-01,1.2357028571428572
1856-03-01,5.657417142857143
1856-04-01,11.160731428571427
1856-05-01,15.34269142857143
1856-06-01,20.34746857142857
1856-07-01,24.515415204678366
1856-08-01,25.42460571428571
1856-09-01,20.829450292397663
1856-10-01,14.54055747126437
1856-11-01,9.403811428571428
1856-12-01,4.766537142857143
1857-01-01,1.7611942857142857
1857-02-01,2.7850400000000004
1857-03-01,5.37796
1857-04-01,10.923165714285714
1857-05-01,14.616857142857143
1857-06-01,19.906959999999998
1857-07-01,24.08874285714286
1857-08-01,24.73838285714286
1857-09-01,20.656542857142856
1857-10-01,14.827051428571428
1857-11-01,9.560817142857143
1857-12-01,4.885148571428572
1858-01-01,2.1980285714285714
1858-02-01,2.612377142857143
1858-03-01,5.428514285714286
1858-04-01,12.276662857142858
1858-05-01,16.134394285714286
1858-06-01,20.099434285714285
1858-07-01,24.055554285714283
1858-08-01,24.129731428571432
1858-09-01,20.872434285714284
1858-10-01,15.066154285714285
1858-11-01,10.034171428571428
1858-12-01,4.135445714285715
1859-01-01,1.688617142857143
1859-02-01,1.7899771428571432
1859-03-01,6.193137142857143
1859-04-01,12.2662
1859-05-01,16.065354285714285
1859-06-01,20.738725714285714
1859-07-01,23.379577142857144
1859-08-01,24.425097142857148
1859-09-01,20.51005142857143
1859-10-01,14.734039999999998
1859-11-01,9.386297142857144
1859-12-01,5.066771428571429
1860-01-01,1.2052228571428572
1860-02-01,2.2890400000000004
1860-03-01,4.050057142857143
1860-04-01,11.144171428571429
1860-05-01,15.263108571428571
1860-06-01,19.811965714285716
1860-07-01,24.095817142857143
1860-08-01,25.655662857142858
1860-09-01,21.891708571428573
1860-10-01,14.840005714285715
1860-11-01,7.761428571428572
1860-12-01,2.7521428571428572
1861-01-01,0.07089714285714277
1861-02-01,1.1641771428571428
1861-03-01,5.946268571428571
1861-04-01,11.21257714285714
1861-05-01,15.396279999999999
1861-06-01,20.00685142857143
1861-07-01,23.901737142857144
1861-08-01,25.379537142857142
1861-09-01,20.655485714285714
1861-10-01,14.537142857142857
1861-11-01,9.256142857142857
1861-12-01,4.2784
1862-01-01,1.3640514285714287
1862-02-01,0.6410514285714288
1862-03-01,5.84084
1862-04-01,11.00250857142857
1862-05-01,15.865891428571429
1862-06-01,20.366188571428573
1862-07-01,23.997057142857145
1862-08-01,24.44367428571429
1862-09-01,20.937142857142856
1862-10-01,14.702171428571429
1862-11-01,8.049977142857143
1862-12-01,3.371622857142857
1863-01-01,2.268811428571429
1863-02-01,2.910177142857143
1863-03-01,6.6243428571428575
1863-04-01,10.414148571428571
1863-05-01,15.678657142857142
1863-06-01,20.905742857142858
1863-07-01,26.035982857142855
1863-08-01,26.27853714285714
1863-09-01,20.044045714285716
1863-10-01,14.215394285714286
1863-11-01,9.400754285714287
1863-12-01,4.179011428571428
1864-01-01,0.8306057142857144
1864-02-01,1.3403828571428573
1864-03-01,4.332291428571429
1864-04-01,11.362234285714287
1864-05-01,15.621411428571427
1864-06-01,19.884234285714285
1864-07-01,24.335714285714285
1864-08-01,25.576862857142856
1864-09-01,20.747268571428574
1864-10-01,15.53305142857143
1864-11-01,9.825737142857143
1864-12-01,4.0692514285714285
1865-01-01,2.1175714285714284
1865-02-01,3.15552
1865-03-01,5.202354285714286
1865-04-01,11.87230857142857
1865-05-01,16.43672
1865-06-01,20.581834285714287
1865-07-01,23.103668571428575
1865-08-01,25.98588
1865-09-01,21.56688
1865-10-01,15.217245714285715
1865-11-01,9.162668571428572
1865-12-01,4.131154285714286
1866-01-01,1.649097142857143
1866-02-01,1.4062000000000001
1866-03-01,5.824948571428571
1866-04-01,9.969914285714285
1866-05-01,14.865765714285715
1866-06-01,18.675525714285715
1866-07-01,23.961440000000003
1866-08-01,25.2222
1866-09-01,19.907857142857143
1866-10-01,15.104314285714286
1866-11-01,9.259640000000001
1866-12-01,4.345634285714286
1867-01-01,2.3482
1867-02-01,1.3778114285714285
1867-03-01,6.63184
1867-04-01,10.806788571428571
1867-05-01,15.583537142857145
1867-06-01,20.067674285714286
1867-07-01,24.210160000000002
1867-08-01,26.072634285714287
1867-09-01,20.996725714285716
1867-10-01,16.100628571428572
1867-11-01,9.767754285714286
1867-12-01,5.618308571428571
1868-01-01,2.7990742857142856
1868-02-01,2.4939714285714287
1868-03-01,5.120394285714285
1868-04-01,11.539857142857143
1868-05-01,16.199565714285715
1868-06-01,19.82421714285714
1868-07-01,24.719051428571433
1868-08-01,24.28161142857143
1868-09-01,20.782657142857143
1868-10-01,15.095925714285716
1868-11-01,9.730297142857143
1868-12-01,4.897822857142858
1869-01-01,2.8781828571428574
1869-02-01,4.479794285714286
1869-03-01,5.446388571428572
1869-04-01,9.790262857142858
1869-05-01,15.576148571428572
1869-06-01,19.99796
1869-07-01,22.71289142857143
1869-08-01,24.343017142857143
1869-09-01,21.944302857142862
1869-10-01,15.855051428571429
1869-11-01,9.319142857142857
1869-12-01,3.4023828571428574
1870-01-01,2.1952087912087914
1870-02-01,2.361626373626374
1870-03-01,6.536395604395604
1870-04-01,11.087582417582418
1870-05-01,16.12288888888889
1870-06-01,20.358894736842107
1870-07-01,24.428052631578954
1870-08-01,24.585736842105263
1870-09-01,21.7546432748538
1870-10-01,15.049187134502924
1870-11-01,9.46948538011696
1870-12-01,3.5499122807017542
1871-01-01,1.48512
1871-02-01,1.8637085714285715
1871-03-01,6.07944
1871-04-01,11.143600000000001
1871-05-01,15.33190857142857
1871-06-01,19.96016
1871-07-01,24.484005714285715
1871-08-01,25.2824
1871-09-01,21.50290285714286
1871-10-01,15.816468571428572
1871-11-01,9.578971428571428
1871-12-01,3.8593485714285714
1872-01-01,0.15274857142857137
1872-02-01,2.0045314285714286
1872-03-01,6.406617142857142
1872-04-01,10.907834285714285
1872-05-01,15.467222857142858
1872-06-01,19.798154285714286
1872-07-01,24.367417142857143
1872-08-01,24.852165714285714
1872-09-01,21.00088571428571
1872-10-01,15.64262285714286
1872-11-01,9.641834285714287
1872-12-01,4.491131428571428
1873-01-01,0.5508514285714285
1873-02-01,1.4206400000000001
1873-03-01,4.4372742857142855
1873-04-01,9.970765714285715
1873-05-01,15.40824
1873-06-01,19.3872
1873-07-01,24.18188571428572
1873-08-01,25.25661142857143
1873-09-01,20.37929142857143
1873-10-01,14.493622857142856
1873-11-01,8.945422857142857
1873-12-01,4.574857142857143
1874-01-01,2.3979657142857143
1874-02-01,3.014782857142857
1874-03-01,5.4076
1874-04-01,11.217302857142858
1874-05-01,15.772051428571428
1874-06-01,20.79021714285714
1874-07-01,24.761371428571426
1874-08-01,25.67618285714286
1874-09-01,21.2316
1874-10-01,14.97994857142857
1874-11-01,8.445165714285714
1874-12-01,4.572885714285714
1875-01-01,1.7310857142857143
1875-02-01,1.877417142857143
1875-03-01,6.9897485714285725
1875-04-01,10.472274285714287
1875-05-01,15.781708571428572
1875-06-01,19.75921142857143
1875-07-01,24.53937142857143
1875-08-01,24.85626857142857
1875-09-01,21.59428
1875-10-01,15.199474285714285
1875-11-01,8.831348571428572
1875-12-01,4.5693657142857145
1876-01-01,1.1018114285714287
1876-02-01,3.1520114285714285
1876-03-01,6.994188571428571
1876-04-01,11.131851428571428
1876-05-01,16.43032571428571
1876-06-01,18.35253714285714
1876-07-01,24.88171428571429
1876-08-01,26.745302857142857
1876-09-01,22.22465142857143
1876-10-01,15.288937142857142
1876-11-01,8.515542857142858
1876-12-01,4.111302857142857
1877-01-01,2.779
1877-02-01,2.4846971428571427
1877-03-01,6.024851428571428
1877-04-01,12.081994285714284
1877-05-01,15.484428571428571
1877-06-01,21.374468571428572
1877-07-01,25.552234285714288
1877-08-01,25.66068
1877-09-01,21.456417142857145
1877-10-01,15.411091428571428
1877-11-01,9.18464
1877-12-01,5.083297142857143
1878-01-01,1.0865314285714285
1878-02-01,2.1903714285714284
1878-03-01,6.585771428571428
1878-04-01,10.704697142857144
1878-05-01,16.556045714285712
1878-06-01,19.479411428571428
1878-07-01,25.08385142857143
1878-08-01,24.71322857142857
1878-09-01,22.593097142857143
1878-10-01,15.640057142857142
1878-11-01,9.029365714285715
1878-12-01,3.692725714285714
1879-01-01,2.3309085714285716
1879-02-01,4.188754285714286
1879-03-01,6.528994285714286
1879-04-01,10.595885714285714
1879-05-01,16.600382857142858
1879-06-01,20.524217142857143
1879-07-01,25.218411428571432
1879-08-01,26.320960000000003
1879-09-01,20.95964
1879-10-01,14.387651428571429
1879-11-01,8.876468571428571
1879-12-01,6.713822857142857
1880-01-01,1.3130057142857143
1880-02-01,4.573891428571429
1880-03-01,7.074005714285715
1880-04-01,10.762571428571428
1880-05-01,16.366017142857142
1880-06-01,19.118405714285714
1880-07-01,24.12886285714286
1880-08-01,25.15284571428571
1880-09-01,21.865188571428572
1880-10-01,15.867428571428572
1880-11-01,9.461565714285713
1880-12-01,3.197925714285714
1881-01-01,1.1246285714285715
1881-02-01,2.3998742857142856
1881-03-01,4.184297142857143
1881-04-01,10.231931428571428
1881-05-01,16.124365714285716
1881-06-01,20.62570857142857
1881-07-01,23.76898285714286
1881-08-01,26.10137714285715
1881-09-01,22.34457142857143
1881-10-01,14.877908571428572
1881-11-01,10.385742857142858
1881-12-01,3.757697142857143
1882-01-01,3.9748857142857146
1882-02-01,3.960657142857143
1882-03-01,5.4289885714285715
1882-04-01,11.821565714285713
1882-05-01,15.296222857142856
1882-06-01,19.300634285714285
1882-07-01,23.733377142857144
1882-08-01,24.65341142857143
1882-09-01,20.927914285714287
1882-10-01,15.553451428571428
1882-11-01,9.007022857142857
1882-12-01,3.3874685714285717
1883-01-01,2.0976628571428573
1883-02-01,2.1010057142857144
1883-03-01,4.6462
1883-04-01,10.650577142857141
1883-05-01,14.818994285714286
1883-06-01,19.608885714285712
1883-07-01,24.34044
1883-08-01,25.108485714285713
1883-09-01,21.420628571428573
1883-10-01,16.28493142857143
1883-11-01,9.10976
1883-12-01,3.637348571428571
1884-01-01,1.6518228571428573
1884-02-01,1.4837885714285715
1884-03-01,4.962594285714286
1884-04-01,10.164462857142857
1884-05-01,15.053982857142858
1884-06-01,19.13316
1884-07-01,23.370120000000004
1884-08-01,23.690617142857143
1884-09-01,21.593217142857142
1884-10-01,14.227942857142857
1884-11-01,6.9807942857142855
1884-12-01,2.384868571428571
1885-01-01,0.3137428571428572
1885-02-01,0.9824857142857143
1885-03-01,3.6753142857142853
1885-04-01,10.498731428571428
1885-05-01,14.69329142857143
1885-06-01,19.74261142857143
1885-07-01,22.526617142857145
1885-08-01,25.11469142857143
1885-09-01,21.692914285714288
1885-10-01,15.644742857142857
1885-11-01,9.676131428571429
1885-12-01,4.939011428571429
1886-01-01,1.2612342857142858
1886-02-01,0.6671142857142858
1886-03-01,6.084411428571428
1886-04-01,11.394805714285713
1886-05-01,15.698571428571428
1886-06-01,20.062862857142857
1886-07-01,24.63896
1886-08-01,26.15106857142857
1886-09-01,22.41787428571429
1886-10-01,16.147085714285716
1886-11-01,9.870262857142857
1886-12-01,3.8196857142857144
1887-01-01,2.2981828571428573
1887-02-01,2.8715200000000003
1887-03-01,5.526857142857143
1887-04-01,11.253542857142858
1887-05-01,14.457234285714286
1887-06-01,19.24873714285714
1887-07-01,23.548428571428573
1887-08-01,25.394102857142855
1887-09-01,20.66578285714286
1887-10-01,16.3608
1887-11-01,10.403039999999999
1887-12-01,4.768017142857143
1888-01-01,2.2921085714285714
1888-02-01,1.149657142857143
1888-03-01,6.463411428571429
1888-04-01,11.525834285714286
1888-05-01,15.664805714285714
1888-06-01,18.165017142857145
1888-07-01,24.363074285714287
1888-08-01,25.335514285714286
1888-09-01,20.44238285714286
1888-10-01,14.49272
1888-11-01,11.140554285714286
1888-12-01,5.055211428571429
1889-01-01,1.03744
1889-02-01,2.0850800000000005
1889-03-01,5.923897142857143
1889-04-01,10.955497142857142
1889-05-01,14.648548571428572
1889-06-01,20.18741142857143
1889-07-01,23.250605714285715
1889-08-01,25.272148571428573
1889-09-01,19.868834285714286
1889-10-01,14.116742857142857
1889-11-01,8.920565714285713
1889-12-01,4.443788571428572
1890-01-01,2.4762685714285717
1890-02-01,5.410142857142857
1890-03-01,7.90628
1890-04-01,12.965874285714284
1890-05-01,16.000685714285712
1890-06-01,20.701228571428572
1890-07-01,23.552645714285717
1890-08-01,25.51170285714286
1890-09-01,23.191617142857144
1890-10-01,15.352525714285715
1890-11-01,10.410634285714286
1890-12-01,8.180897142857143
1891-01-01,1.0860971428571429
1891-02-01,2.62264
1891-03-01,7.369948571428571
1891-04-01,10.937022857142857
1891-05-01,16.742125714285713
1891-06-01,19.316554285714286
1891-07-01,23.80938857142857
1891-08-01,24.423851428571428
1891-09-01,23.108005714285717
1891-10-01,15.363634285714285
1891-11-01,9.641720000000001
1891-12-01,4.835497142857143
1892-01-01,2.1396114285714285
1892-02-01,2.627834285714286
1892-03-01,4.102405714285714
1892-04-01,11.479834285714286
1892-05-01,15.603617142857141
1892-06-01,20.212325714285715
1892-07-01,25.251148571428573
1892-08-01,25.41908
1892-09-01,22.263759999999998
1892-10-01,15.27452
1892-11-01,8.895274285714287
1892-12-01,2.1488457142857142
1893-01-01,1.2468742857142858
1893-02-01,0.5794171428571429
1893-03-01,4.790422857142857
1893-04-01,11.27696
1893-05-01,14.723331428571427
1893-06-01,19.16298285714286
1893-07-01,24.687285714285718
1893-08-01,25.45429142857143
1893-09-01,22.086777142857144
1893-10-01,15.33521142857143
1893-11-01,8.94252
1893-12-01,3.59276
1894-01-01,1.8754628571428573
1894-02-01,2.542474285714286
1894-03-01,7.02644
1894-04-01,12.540748571428571
1894-05-01,15.400817142857143
1894-06-01,22.569822857142857
1894-07-01,26.083982857142857
1894-08-01,26.19652
1894-09-01,21.623885714285713
1894-10-01,14.909548571428573
1894-11-01,10.972022857142857
1894-12-01,4.72888
1895-01-01,1.0964628571428574
1895-02-01,2.2942114285714283
1895-03-01,6.21704
1895-04-01,11.693045714285713
1895-05-01,16.363165714285714
1895-06-01,19.61670857142857
1895-07-01,22.1478
1895-08-01,25.437262857142862
1895-09-01,22.126937142857145
1895-10-01,15.867297142857144
1895-11-01,9.555194285714284
1895-12-01,4.528005714285714
1896-01-01,2.151525714285714
1896-02-01,2.491422857142857
1896-03-01,4.6076114285714285
1896-04-01,12.571468571428571
1896-05-01,15.837011428571428
1896-06-01,21.0834
1896-07-01,23.311245714285718
1896-08-01,25.18748
1896-09-01,21.164411428571427
1896-10-01,14.976862857142857
1896-11-01,9.991822857142857
1896-12-01,3.9089485714285708
1897-01-01,3.0413885714285716
1897-02-01,2.3985942857142857
1897-03-01,5.585331428571429
1897-04-01,10.160937142857144
1897-05-01,16.041228571428572
1897-06-01,18.64792
1897-07-01,23.284594285714284
1897-08-01,25.45144571428571
1897-09-01,20.81988
1897-10-01,14.303920000000002
1897-11-01,10.21713142857143
1897-12-01,2.8500628571428575
1898-01-01,3.457622857142857
1898-02-01,3.5771657142857145
1898-03-01,4.830502857142857
1898-04-01,10.302251428571429
1898-05-01,15.80634857142857
1898-06-01,19.38602857142857
1898-07-01,25.144177142857142
1898-08-01,25.85098285714286
1898-09-01,21.32713142857143
1898-10-01,15.489262857142858
1898-11-01,10.899748571428573
1898-12-01,5.775748571428571
1899-01-01,2.341005714285714
1899-02-01,3.58156
1899-03-01,7.207337142857142
1899-04-01,11.735857142857144
1899-05-01,17.178485714285713
1899-06-01,21.248251428571432
1899-07-01,23.63110285714286
1899-08-01,25.061965714285716
1899-09-01,19.804805714285717
1899-10-01,13.308988571428571
1899-11-01,8.295
1899-12-01,5.1138
1900-01-01,0.8105828571428572
1900-02-01,2.06388
1900-03-01,5.104965714285714
1900-04-01,11.100268571428572
1900-05-01,16.53909142857143
1900-06-01,19.10834285714286
1900-07-01,22.62790285714286
1900-08-01,25.76881714285714
1900-09-01,22.13630285714286
1900-10-01,15.470622857142857
1900-11-01,10.490388571428571
1900-12-01,4.564874285714286
1901-01-01,3.6694514285714286
1901-02-01,1.9508742857142858
1901-03-01,5.632474285714285
1901-04-01,12.233234285714284
1901-05-01,15.357874285714283
1901-06-01,19.863868571428572
1901-07-01,22.20292
1901-08-01,24.994182857142857
1901-09-01,21.507708571428573
1901-10-01,16.299948571428573
1901-11-01,9.494177142857144
1901-12-01,3.7954914285714287
1902-01-01,1.5583200000000001
1902-02-01,2.431891428571429
1902-03-01,7.46424
1902-04-01,10.117422857142857
1902-05-01,15.489102857142857
1902-06-01,19.200131428571428
1902-07-01,21.840622857142858
1902-08-01,23.19278285714286
1902-09-01,21.765017142857143
1902-10-01,15.435360000000003
1902-11-01,11.138474285714285
1902-12-01,6.830800000000001
1903-01-01,3.9942457142857144
1903-02-01,3.2910685714285717
1903-03-01,7.696851428571429
1903-04-01,12.207548571428571
1903-05-01,14.905662857142858
1903-06-01,19.050217142857143
1903-07-01,22.521794285714286
1903-08-01,25.236205714285717
1903-09-01,22.491897142857145
1903-10-01,14.967485714285713
1903-11-01,8.802748571428571
1903-12-01,3.2772628571428575
1904-01-01,0.9688114285714285
1904-02-01,3.735222857142857
1904-03-01,5.7280114285714285
1904-04-01,12.477862857142856
1904-05-01,15.198285714285714
1904-06-01,20.88164
1904-07-01,24.577885714285713
1904-08-01,25.15525142857143
1904-09-01,20.523251428571427
1904-10-01,15.24036
1904-11-01,8.185891428571429
1904-12-01,4.919982857142857
1905-01-01,4.029794285714286
1905-02-01,1.7343828571428572
1905-03-01,5.51444
1905-04-01,10.025937142857142
1905-05-01,15.841125714285715
1905-06-01,20.176457142857142
1905-07-01,23.814285714285713
1905-08-01,22.4458
1905-09-01,21.35368
1905-10-01,15.52518857142857
1905-11-01,9.7368
1905-12-01,6.2950285714285705
1906-01-01,1.2268514285714287
1906-02-01,2.059914285714286
1906-03-01,6.106120000000001
1906-04-01,11.212805714285714
1906-05-01,15.666954285714286
1906-06-01,18.61781142857143
1906-07-01,23.637017142857143
1906-08-01,24.622411428571432
1906-09-01,19.906045714285717
1906-10-01,14.79190857142857
1906-11-01,8.618394285714285
1906-12-01,4.905171428571428
1907-01-01,3.3770571428571428
1907-02-01,1.540737142857143
1907-03-01,5.2571771428571425
1907-04-01,11.123862857142857
1907-05-01,15.73749142857143
1907-06-01,18.744868571428572
1907-07-01,22.93576
1907-08-01,25.494114285714286
1907-09-01,20.921057142857144
1907-10-01,14.762520000000002
1907-11-01,10.563514285714284
1907-12-01,3.5397485714285715
1908-01-01,2.4917085714285716
1908-02-01,2.2858285714285715
1908-03-01,5.458302857142858
1908-04-01,11.267817142857142
1908-05-01,15.23184
1908-06-01,19.984394285714288
1908-07-01,22.38886857142857
1908-08-01,25.033765714285714
1908-09-01,19.537022857142855
1908-10-01,15.307422857142857
1908-11-01,8.230485714285715
1908-12-01,4.549457142857142
1909-01-01,1.72708
1909-02-01,1.6910514285714286
1909-03-01,5.200451428571428
1909-04-01,11.988074285714285
1909-05-01,15.700457142857143
1909-06-01,19.752234285714287
1909-07-01,24.135480000000005
1909-08-01,25.234731428571433
1909-09-01,21.656342857142857
1909-10-01,14.0114
1909-11-01,9.60192
1909-12-01,3.822628571428571
1910-01-01,3.8778971428571434
1910-02-01,1.6307542857142858
1910-03-01,4.751057142857143
1910-04-01,10.859611428571428
1910-05-01,15.819308571428571
1910-06-01,20.25488
1910-07-01,23.452314285714284
1910-08-01,24.07909142857143
1910-09-01,20.609137142857143
1910-10-01,15.462514285714287
1910-11-01,9.761925714285715
1910-12-01,3.389394285714286
1911-01-01,2.0123371428571426
1911-02-01,3.886262857142857
1911-03-01,7.095925714285714
1911-04-01,11.677662857142858
1911-05-01,15.417051428571428
1911-06-01,20.174879999999998
1911-07-01,23.962217142857142
1911-08-01,24.762771428571426
1911-09-01,22.344634285714285
1911-10-01,14.898257142857144
1911-11-01,11.375931428571429
1911-12-01,4.419931428571428
1912-01-01,2.11792
1912-02-01,5.232885714285715
1912-03-01,6.838651428571428
1912-04-01,11.533097142857144
1912-05-01,15.556817142857144
1912-06-01,19.638702857142857
1912-07-01,23.41032
1912-08-01,25.212142857142858
1912-09-01,20.02809142857143
1912-10-01,14.880028571428571
1912-11-01,8.591537142857144
1912-12-01,4.231051428571428
1913-01-01,1.3196114285714287
1913-02-01,2.8883085714285714
1913-03-01,4.781777142857143
1913-04-01,12.594417142857143
1913-05-01,15.020731428571427
1913-06-01,19.499822857142856
1913-07-01,23.004537142857142
1913-08-01,23.770782857142855
1913-09-01,19.493937142857142
1913-10-01,15.01169142857143
1913-11-01,9.288845714285713
1913-12-01,4.493662857142857
1914-01-01,3.371782857142857
1914-02-01,3.287274285714285
1914-03-01,8.094177142857143
1914-04-01,10.362931428571429
1914-05-01,16.65198285714286
1914-06-01,20.546805714285714
1914-07-01,25.330862857142858
1914-08-01,25.77577142857143
1914-09-01,22.233388571428573
1914-10-01,15.01696
1914-11-01,11.457051428571429
1914-12-01,5.142971428571428
1915-01-01,2.395634285714286
1915-02-01,3.3125371428571433
1915-03-01,5.187662857142858
1915-04-01,10.90505142857143
1915-05-01,15.097148571428573
1915-06-01,21.29610285714286
1915-07-01,24.204554285714288
1915-08-01,25.305725714285717
1915-09-01,22.387828571428575
1915-10-01,17.06906857142857
1915-11-01,10.966857142857144
1915-12-01,5.346
1916-01-01,4.379377142857143
1916-02-01,3.6643828571428574
1916-03-01,4.532902857142857
1916-04-01,11.476942857142857
1916-05-01,16.220954285714285
1916-06-01,22.242765714285714
1916-07-01,24.057257142857146
1916-08-01,25.418925714285713
1916-09-01,22.999154285714287
1916-10-01,15.691571428571429
1916-11-01,11.257765714285714
1916-12-01,5.845874285714285
1917-01-01,1.1155371428571428
1917-02-01,2.657028571428572
1917-03-01,5.3566400000000005
1917-04-01,11.183325714285713
1917-05-01,14.563297142857142
1917-06-01,19.42005142857143
1917-07-01,25.319748571428573
1917-08-01,24.60081142857143
1917-09-01,22.081154285714288
1917-10-01,16.059954285714287
1917-11-01,7.762885714285715
1917-12-01,3.0313314285714283
1918-01-01,0.4071657142857143
1918-02-01,2.49308
1918-03-01,5.798925714285715
1918-04-01,10.933662857142858
1918-05-01,15.413622857142856
1918-06-01,19.686045714285715
1918-07-01,25.14524
1918-08-01,25.264102857142856
1918-09-01,21.45956
1918-10-01,15.452525714285715
1918-11-01,9.498742857142856
1918-12-01,3.727851428571429
1919-01-01,1.934182857142857
1919-02-01,3.1252742857142857
1919-03-01,7.214348571428571
1919-04-01,11.828531428571429
1919-05-01,15.742525714285714
1919-06-01,19.853017142857144
1919-07-01,23.64204
1919-08-01,24.68442857142857
1919-09-01,21.589868571428575
1919-10-01,15.762422857142857
1919-11-01,10.845640000000001
1919-12-01,4.498222857142857
1920-01-01,3.063622857142857
1920-02-01,2.005714285714286
1920-03-01,6.1779085714285715
1920-04-01,11.50466857142857
1920-05-01,15.807777142857143
1920-06-01,20.201834285714284
1920-07-01,25.427325714285722
1920-08-01,25.186857142857143
1920-09-01,21.38453714285714
1920-10-01,15.683274285714287
1920-11-01,11.38528
1920-12-01,4.713114285714285
1921-01-01,3.0705485714285716
1921-02-01,2.5917771428571434
1921-03-01,4.9032857142857145
1921-04-01,12.439285714285715
1921-05-01,15.701874285714286
1921-06-01,18.472531428571425
1921-07-01,24.098554285714286
1921-08-01,25.473200000000002
1921-09-01,21.00762285714286
1921-10-01,15.115834285714287
1921-11-01,8.153765714285715
1921-12-01,4.388125714285715
1922-01-01,-0.12247999999999996
1922-02-01,5.445
1922-03-01,5.4855599999999995
1922-04-01,12.148811428571427
1922-05-01,16.265462857142854
1922-06-01,20.894245714285713
1922-07-01,24.628131428571432
1922-08-01,26.784971428571428
1922-09-01,22.87826285714286
1922-10-01,15.910502857142856
1922-11-01,10.119005714285715
1922-12-01,3.3410685714285715
1923-01-01,0.7746400000000001
1923-02-01,2.3940571428571427
1923-03-01,7.2769200000000005
1923-04-01,11.066931428571428
1923-05-01,16.457451428571428
1923-06-01,19.61901142857143
1923-07-01,23.450897142857144
1923-08-01,26.67596571428572
1923-09-01,22.40409142857143
1923-10-01,15.664760000000001
1923-11-01,10.669497142857143
1923-12-01,5.0441771428571425
1924-01-01,2.2521714285714287
1924-02-01,3.0635142857142856
1924-03-01,3.715074285714286
1924-04-01,12.884874285714286
1924-05-01,15.414377142857143
1924-06-01,19.316165714285717
1924-07-01,25.931
1924-08-01,25.836537142857143
1924-09-01,21.068720000000003
1924-10-01,14.740365714285716
1924-11-01,8.800360000000001
1924-12-01,4.236971428571429
1925-01-01,1.960737142857143
1925-02-01,1.4620285714285715
1925-03-01,4.847582857142857
1925-04-01,10.417668571428573
1925-05-01,15.561565714285713
1925-06-01,19.94289714285714
1925-07-01,23.080862857142858
1925-08-01,25.20832
1925-09-01,22.073114285714286
1925-10-01,15.483228571428572
1925-11-01,10.774994285714286
1925-12-01,5.57316
1926-01-01,1.8177371428571432
1926-02-01,3.326302857142857
1926-03-01,5.135165714285714
1926-04-01,9.625085714285715
1926-05-01,15.749988571428569
1926-06-01,18.66494857142857
1926-07-01,23.724960000000003
1926-08-01,25.709331428571428
1926-09-01,22.41712
1926-10-01,13.932160000000001
1926-11-01,8.91648
1926-12-01,3.1700457142857146
1927-01-01,1.7982914285714287
1927-02-01,1.0636857142857146
1927-03-01,5.22724
1927-04-01,11.73773142857143
1927-05-01,15.382622857142856
1927-06-01,19.76714857142857
1927-07-01,25.37633142857143
1927-08-01,25.391828571428576
1927-09-01,20.484217142857144
1927-10-01,15.403765714285715
1927-11-01,10.413954285714286
1927-12-01,4.934017142857143
1928-01-01,2.5567714285714285
1928-02-01,2.078548571428571
1928-03-01,5.800314285714285
1928-04-01,11.406788571428573
1928-05-01,17.01293714285714
1928-06-01,19.62924
1928-07-01,23.81734857142857
1928-08-01,24.332497142857143
1928-09-01,23.14645142857143
1928-10-01,15.789434285714284
1928-11-01,10.655228571428573
1928-12-01,4.262142857142857
1929-01-01,1.2130228571428572
1929-02-01,1.5652057142857143
1929-03-01,5.621708571428571
1929-04-01,11.07214857142857
1929-05-01,15.105782857142856
1929-06-01,20.028257142857143
1929-07-01,25.33726285714286
1929-08-01,25.993645714285712
1929-09-01,20.192634285714284
1929-10-01,15.621097142857144
1929-11-01,9.937977142857143
1929-12-01,7.376068571428571
1930-01-01,2.2108457142857145
1930-02-01,4.1739371428571435
1930-03-01,7.675714285714286
1930-04-01,12.523148571428571
1930-05-01,16.4512
1930-06-01,20.529325714285715
1930-07-01,25.71833714285715
1930-08-01,26.22924
1930-09-01,20.80612
1930-10-01,15.672891428571427
1930-11-01,8.949045714285713
1930-12-01,4.746211428571429
1931-01-01,2.2210514285714287
1931-02-01,1.9724400000000002
1931-03-01,6.567165714285715
1931-04-01,10.562491428571429
1931-05-01,15.063914285714285
1931-06-01,19.771914285714285
1931-07-01,21.758685714285715
1931-08-01,25.703914285714287
1931-09-01,21.851354285714287
1931-10-01,15.03005142857143
1931-11-01,10.808714285714286
1931-12-01,5.6851199999999995
1932-01-01,4.562177142857142
1932-02-01,2.6957542857142855
1932-03-01,5.465217142857143
1932-04-01,10.2848
1932-05-01,16.43786857142857
1932-06-01,19.600988571428573
1932-07-01,24.76246285714286
1932-08-01,25.49424571428571
1932-09-01,21.05633142857143
1932-10-01,14.876588571428574
1932-11-01,10.10268
1932-12-01,5.184428571428572
1933-01-01,1.787542857142857
1933-02-01,1.9654057142857142
1933-03-01,4.586982857142857
1933-04-01,11.119451428571429
1933-05-01,17.10230857142857
1933-06-01,21.05224
1933-07-01,25.947719999999997
1933-08-01,26.095605714285714
1933-09-01,21.649240000000002
1933-10-01,15.228868571428572
1933-11-01,10.151902857142858
1933-12-01,5.107422857142857
1934-01-01,0.7430914285714285
1934-02-01,2.2147771428571428
1934-03-01,4.66692
1934-04-01,10.155651428571428
1934-05-01,16.398965714285715
1934-06-01,20.78083428571429
1934-07-01,24.14121142857143
1934-08-01,25.254045714285713
1934-09-01,20.988377142857146
1934-10-01,13.947005714285716
1934-11-01,9.281302857142858
1934-12-01,5.255011428571429
1935-01-01,2.56656
1935-02-01,3.799257142857143
1935-03-01,6.1662857142857135
1935-04-01,11.109908571428573
1935-05-01,15.748645714285713
1935-06-01,20.16101142857143
1935-07-01,23.967794285714287
1935-08-01,24.388685714285717
1935-09-01,20.5208
1935-10-01,15.889182857142856
1935-11-01,10.104685714285713
1935-12-01,4.277131428571429
1936-01-01,0.12380571428571428
1936-02-01,0.9549142857142856
1936-03-01,4.122308571428571
1936-04-01,10.456748571428571
1936-05-01,15.38636
1936-06-01,20.660834285714284
1936-07-01,23.827662857142858
1936-08-01,25.34156571428571
1936-09-01,22.99176
1936-10-01,15.08434285714286
1936-11-01,9.844902857142857
1936-12-01,5.6947085714285715
1937-01-01,3.193091428571429
1937-02-01,4.816748571428572
1937-03-01,6.611720000000001
1937-04-01,11.438845714285714
1937-05-01,16.050565714285714
1937-06-01,19.01754857142857
1937-07-01,25.19246857142857
1937-08-01,26.73021142857143
1937-09-01,21.500262857142857
1937-10-01,15.541302857142858
1937-11-01,10.702834285714287
1937-12-01,3.714417142857143
1938-01-01,1.5157885714285713
1938-02-01,1.7525942857142858
1938-03-01,7.848199999999999
1938-04-01,11.630817142857143
1938-05-01,17.196074285714285
1938-06-01,20.173177142857142
1938-07-01,24.380874285714288
1938-08-01,25.26005142857143
1938-09-01,21.282634285714288
1938-10-01,16.10828
1938-11-01,9.418525714285714
1938-12-01,4.614491428571428
1939-01-01,0.9677714285714286
1939-02-01,2.4483885714285716
1939-03-01,5.858965714285714
1939-04-01,11.371622857142858
1939-05-01,15.889885714285715
1939-06-01,20.161057142857143
1939-07-01,25.70618285714286
1939-08-01,25.37786285714286
1939-09-01,22.53271428571429
1939-10-01,16.384405714285716
1939-11-01,11.114982857142857
1939-12-01,4.595971428571429
1940-01-01,1.202457142857143
1940-02-01,1.9541885714285714
1940-03-01,6.103337142857143
1940-04-01,11.104445714285715
1940-05-01,16.257262857142855
1940-06-01,20.430120000000002
1940-07-01,25.50930857142857
1940-08-01,24.300274285714284
1940-09-01,21.28569142857143
1940-10-01,16.29582285714286
1940-11-01,11.4552
1940-12-01,5.59888
1941-01-01,3.622337142857143
1941-02-01,3.245617142857143
1941-03-01,6.941937142857142
1941-04-01,10.996599999999999
1941-05-01,16.442182857142857
1941-06-01,20.25846285714286
1941-07-01,23.216628571428572
1941-08-01,24.735319999999998
1941-09-01,20.17946285714286
1941-10-01,15.41438857142857
1941-11-01,11.1936
1941-12-01,5.956045714285715
1942-01-01,1.602434285714286
1942-02-01,1.6479599999999999
1942-03-01,8.66537142857143
1942-04-01,11.478028571428572
1942-05-01,15.644445714285713
1942-06-01,20.67522285714286
1942-07-01,26.618411428571427
1942-08-01,26.032508571428572
1942-09-01,22.87529142857143
1942-10-01,14.939548571428572
1942-11-01,8.956662857142856
1942-12-01,4.1276971428571425
1943-01-01,0.8461885714285716
1943-02-01,2.099342857142857
1943-03-01,5.5254
1943-04-01,10.046531428571429
1943-05-01,16.32003428571429
1943-06-01,20.565234285714286
1943-07-01,24.430497142857146
1943-08-01,26.175668571428574
1943-09-01,23.05242857142857
1943-10-01,15.913651428571429
1943-11-01,9.659691428571428
1943-12-01,5.003274285714285
1944-01-01,1.6629942857142856
1944-02-01,1.730234285714286
1944-03-01,4.852862857142857
1944-04-01,9.6018
1944-05-01,16.883445714285713
1944-06-01,21.12217142857143
1944-07-01,24.841222857142856
1944-08-01,26.071240000000003
1944-09-01,21.878302857142856
1944-10-01,15.413622857142856
1944-11-01,10.24754857142857
1944-12-01,3.030234285714286
1945-01-01,-0.2702285714285715
1945-02-01,0.18484571428571436
1945-03-01,5.514371428571429
1945-04-01,11.824948571428571
1945-05-01,14.515125714285714
1945-06-01,19.99485142857143
1945-07-01,21.86428
1945-08-01,26.030434285714286
1945-09-01,21.64670285714286
1945-10-01,16.003382857142856
1945-11-01,10.238982857142858
1945-12-01,3.68316
1946-01-01,2.4236514285714286
1946-02-01,2.837645714285714
1946-03-01,5.120588571428571
1946-04-01,12.575788571428571
1946-05-01,15.657102857142856
1946-06-01,21.672234285714286
1946-07-01,25.526554285714287
1946-08-01,25.782525714285715
1946-09-01,21.646925714285715
1946-10-01,16.075691428571428
1946-11-01,11.950440000000002
1946-12-01,3.6895942857142856
1947-01-01,2.6829428571428573
1947-02-01,1.0008057142857143
1947-03-01,4.91664
1947-04-01,11.072165714285713
1947-05-01,15.350891428571428
1947-06-01,18.789497142857144
1947-07-01,24.94564
1947-08-01,26.54180571428571
1947-09-01,21.94867428571429
1947-10-01,14.46313142857143
1947-11-01,8.92448
1947-12-01,2.9773885714285715
1948-01-01,2.8668285714285715
1948-02-01,3.50088
1948-03-01,5.661125714285714
1948-04-01,12.606617142857143
1948-05-01,16.772748571428572
1948-06-01,20.674028571428572
1948-07-01,25.14290285714286
1948-08-01,25.25542857142857
1948-09-01,22.14293142857143
1948-10-01,16.293897142857144
1948-11-01,10.522777142857143
1948-12-01,7.353394285714286
1949-01-01,4.061234285714286
1949-02-01,5.0588171428571425
1949-03-01,4.951491428571428
1949-04-01,9.861091428571429
1949-05-01,16.779142857142855
1949-06-01,19.09596
1949-07-01,24.165657142857143
1949-08-01,25.74698857142857
1949-09-01,21.762874285714286
1949-10-01,14.968902857142858
1949-11-01,9.436085714285715
1949-12-01,5.264388571428571
1950-01-01,3.7693942857142857
1950-02-01,3.5890000000000004
1950-03-01,6.443205714285714
1950-04-01,12.568302857142857
1950-05-01,17.73887428571428
1950-06-01,20.58734857142857
1950-07-01,25.348422857142857
1950-08-01,25.835897142857142
1950-09-01,22.387742857142857
1950-10-01,14.935314285714288
1950-11-01,10.35108
1950-12-01,4.286017142857143
1951-01-01,2.0217657142857144
1951-02-01,3.557862857142857
1951-03-01,6.693885714285713
1951-04-01,11.388577142857143
1951-05-01,16.60773142857143
1951-06-01,19.791062857142858
1951-07-01,23.510434285714286
1951-08-01,26.466057142857146
1951-09-01,19.837045714285715
1951-10-01,16.507777142857144
1951-11-01,10.0184
1951-12-01,6.343754285714286
1952-01-01,2.8821885714285718
1952-02-01,1.8557314285714286
1952-03-01,6.120508571428571
1952-04-01,11.786754285714284
1952-05-01,16.30189142857143
1952-06-01,20.19702857142857
1952-07-01,23.827097142857145
1952-08-01,25.923537142857143
1952-09-01,21.83229142857143
1952-10-01,15.545502857142859
1952-11-01,11.260451428571429
1952-12-01,4.611548571428571
1953-01-01,2.1049828571428573
1953-02-01,2.762731428571429
1953-03-01,7.7038971428571426
1953-04-01,10.542537142857142
1953-05-01,16.10730857142857
1953-06-01,20.164697142857143
1953-07-01,23.86787428571429
1953-08-01,24.92501142857143
1953-09-01,21.68093142857143
1953-10-01,16.19045714285714
1953-11-01,9.394685714285716
1953-12-01,6.572051428571429
1954-01-01,3.6332742857142857
1954-02-01,4.500697142857143
1954-03-01,6.665085714285714
1954-04-01,13.023537142857144
1954-05-01,16.27
1954-06-01,18.023422857142855
1954-07-01,22.195297142857147
1954-08-01,25.97952
1954-09-01,22.95504
1954-10-01,14.725102857142858
1954-11-01,10.996742857142857
1954-12-01,5.839445714285715
1955-01-01,2.21184
1955-02-01,4.614411428571429
1955-03-01,7.740959999999999
1955-04-01,12.345725714285715
1955-05-01,16.575485714285715
1955-06-01,21.577222857142857
1955-07-01,26.04156
1955-08-01,25.527377142857144
1955-09-01,21.53270285714286
1955-10-01,16.162114285714285
1955-11-01,9.618319999999999
1955-12-01,6.557291428571429
1956-01-01,2.7022800000000005
1956-02-01,2.500902857142857
1956-03-01,7.118874285714285
1956-04-01,11.576937142857142
1956-05-01,16.260902857142856
1956-06-01,20.810291428571432
1956-07-01,24.08136
1956-08-01,24.462805714285714
1956-09-01,21.98465714285714
1956-10-01,16.36269142857143
1956-11-01,10.183365714285713
1956-12-01,3.402
1957-01-01,3.797565714285714
1957-02-01,2.5534114285714287
1957-03-01,4.880788571428572
1957-04-01,12.497537142857142
1957-05-01,15.730062857142856
1957-06-01,19.207651428571427
1957-07-01,23.652571428571427
1957-08-01,25.79296
1957-09-01,19.81961142857143
1957-10-01,15.684502857142856
1957-11-01,11.41409142857143
1957-12-01,6.2643200000000006
1958-01-01,3.161542857142857
1958-02-01,4.38664
1958-03-01,6.791714285714286
1958-04-01,12.283159999999999
1958-05-01,16.44090857142857
1958-06-01,20.95502857142857
1958-07-01,24.460040000000003
1958-08-01,24.99902857142857
1958-09-01,22.181782857142856
1958-10-01,15.019908571428571
1958-11-01,10.292657142857143
1958-12-01,6.789388571428572
1959-01-01,2.4277885714285716
1959-02-01,6.1089714285714285
1959-03-01,7.85542857142857
1959-04-01,12.831605714285715
1959-05-01,16.974874285714286
1959-06-01,19.831645714285713
1959-07-01,24.94649714285714
1959-08-01,25.652737142857145
1959-09-01,22.882725714285716
1959-10-01,16.475908571428572
1959-11-01,11.296057142857142
1959-12-01,6.040205714285714
1960-01-01,3.007085714285714
1960-02-01,5.065268571428572
1960-03-01,7.931977142857143
1960-04-01,11.223834285714286
1960-05-01,16.616114285714286
1960-06-01,20.263560000000002
1960-07-01,24.986834285714284
1960-08-01,25.903902857142857
1960-09-01,22.4782
1960-10-01,15.844697142857143
1960-11-01,11.336874285714286
1960-12-01,5.083577142857143
1961-01-01,1.8748857142857145
1961-02-01,2.620542857142857
1961-03-01,7.044497142857143
1961-04-01,12.821228571428572
1961-05-01,17.864371428571427
1961-06-01,20.813965714285718
1961-07-01,26.019611428571434
1961-08-01,26.175462857142858
1961-09-01,23.938542857142856
1961-10-01,17.662925714285716
1961-11-01,11.509371428571429
1961-12-01,5.778948571428572
1962-01-01,2.5365942857142856
1962-02-01,3.8266685714285718
1962-03-01,6.470594285714286
1962-04-01,11.964965714285714
1962-05-01,16.718371428571427
1962-06-01,19.70293142857143
1962-07-01,24.46444
1962-08-01,26.259725714285715
1962-09-01,22.619914285714287
1962-10-01,15.405034285714285
1962-11-01,10.18128
1962-12-01,5.764994285714286
1963-01-01,0.7282571428571429
1963-02-01,2.1123942857142857
1963-03-01,6.161445714285714
1963-04-01,12.561285714285713
1963-05-01,17.386622857142857
1963-06-01,21.19501142857143
1963-07-01,24.83118285714286
1963-08-01,25.35189142857143
1963-09-01,20.18689142857143
1963-10-01,15.185325714285716
1963-11-01,10.525782857142858
1963-12-01,6.244617142857143
1964-01-01,3.874565714285714
1964-02-01,2.24936
1964-03-01,5.932171428571429
1964-04-01,14.42624
1964-05-01,17.303022857142857
1964-06-01,19.93065142857143
1964-07-01,24.937011428571427
1964-08-01,26.57386857142857
1964-09-01,21.585708571428572
1964-10-01,15.072297142857144
1964-11-01,9.69516
1964-12-01,5.39424
1965-01-01,2.7317142857142858
1965-02-01,2.9225314285714283
1965-03-01,4.765617142857143
1965-04-01,9.462954285714286
1965-05-01,16.239337142857142
1965-06-01,20.500457142857144
1965-07-01,23.80954857142857
1965-08-01,25.537685714285715
1965-09-01,20.572525714285714
1965-10-01,14.920405714285714
1965-11-01,10.825954285714285
1965-12-01,4.7408342857142864
1966-01-01,2.20316
1966-02-01,4.894668571428571
1966-03-01,7.6137371428571425
1966-04-01,11.830805714285715
1966-05-01,15.879565714285715
1966-06-01,19.40578857142857
1966-07-01,23.826697142857146
1966-08-01,25.974148571428568
1966-09-01,21.696057142857143
1966-10-01,16.249137142857144
1966-11-01,10.180542857142857
1966-12-01,3.709605714285714
1967-01-01,1.920005714285714
1967-02-01,2.853
1967-03-01,6.953685714285714
1967-04-01,12.049685714285713
1967-05-01,17.810982857142857
1967-06-01,21.119268571428574
1967-07-01,24.86667428571429
1967-08-01,26.434131428571433
1967-09-01,21.769840000000002
1967-10-01,15.09114285714286
1967-11-01,10.248737142857143
1967-12-01,3.5688171428571427
1968-01-01,2.4745714285714286
1968-02-01,1.1499714285714286
1968-03-01,7.040291428571428
1968-04-01,12.139988571428571
1968-05-01,15.988428571428571
1968-06-01,20.329
1968-07-01,23.80977142857143
1968-08-01,25.144817142857143
1968-09-01,20.870720000000002
1968-10-01,14.473028571428573
1968-11-01,11.032388571428571
1968-12-01,7.551062857142857
1969-01-01,3.2548857142857144
1969-02-01,3.6913771428571427
1969-03-01,5.584605714285714
1969-04-01,12.105668571428572
1969-05-01,16.925714285714285
1969-06-01,19.713777142857143
1969-07-01,23.67876
1969-08-01,25.54388
1969-09-01,21.798160000000003
1969-10-01,14.937422857142858
1969-11-01,9.96318857142857
1969-12-01,4.15844
1970-01-01,1.771902857142857
1970-02-01,3.788834285714286
1970-03-01,3.498137142857143
1970-04-01,11.105742857142856
1970-05-01,17.407674285714286
1970-06-01,19.35798857142857
1970-07-01,24.300788571428573
1970-08-01,25.602171428571427
1970-09-01,22.557491428571428
1970-10-01,15.710302857142858
1970-11-01,9.92404
1970-12-01,4.311805714285715
1971-01-01,2.603897142857143
1971-02-01,3.4519828571428572
1971-03-01,5.80064
1971-04-01,11.57101142857143
1971-05-01,16.371891428571427
1971-06-01,20.25962857142857
1971-07-01,24.89422857142857
1971-08-01,25.36105142857143
1971-09-01,20.80205142857143
1971-10-01,14.393600000000001
1971-11-01,10.125668571428571
1971-12-01,5.397434285714286
1972-01-01,4.894182857142858
1972-02-01,3.944542857142857
1972-03-01,7.251902857142857
1972-04-01,11.801222857142857
1972-05-01,16.541502857142856
1972-06-01,20.176188571428572
1972-07-01,24.370468571428574
1972-08-01,25.358365714285714
1972-09-01,21.31312
1972-10-01,16.025845714285715
1972-11-01,10.032428571428571
1972-12-01,5.677388571428572
1973-01-01,4.149925714285714
1973-02-01,4.849102857142857
1973-03-01,5.839045714285715
1973-04-01,13.58577142857143
1973-05-01,16.30325142857143
1973-06-01,19.455994285714286
1973-07-01,25.41506285714286
1973-08-01,26.865274285714285
1973-09-01,21.180262857142857
1973-10-01,15.194245714285714
1973-11-01,9.143868571428571
1973-12-01,3.1940399999999998
1974-01-01,1.8132685714285715
1974-02-01,2.76968
1974-03-01,5.44736
1974-04-01,12.403931428571429
1974-05-01,17.170297142857144
1974-06-01,20.347514285714286
1974-07-01,22.844205714285717
1974-08-01,25.681754285714284
1974-09-01,20.885034285714283
1974-10-01,15.52148
1974-11-01,9.043862857142857
1974-12-01,4.260925714285714
1975-01-01,2.142805714285714
1975-02-01,2.2650514285714287
1975-03-01,5.976017142857142
1975-04-01,12.275737142857142
1975-05-01,16.538977142857142
1975-06-01,20.578388571428572
1975-07-01,24.625548571428574
1975-08-01,25.532491428571426
1975-09-01,23.297611428571432
1975-10-01,15.740354285714286
1975-11-01,10.78776
1975-12-01,4.510325714285714
1976-01-01,2.2889885714285714
1976-02-01,4.816091428571429
1976-03-01,6.7536
1976-04-01,11.416994285714285
1976-05-01,16.280165714285715
1976-06-01,20.125302857142856
1976-07-01,23.13857714285714
1976-08-01,24.18288
1976-09-01,20.122074285714287
1976-10-01,15.175617142857144
1976-11-01,8.846845714285715
1976-12-01,4.439268571428571
1977-01-01,0.685097142857143
1977-02-01,1.774822857142857
1977-03-01,7.167685714285715
1977-04-01,12.561142857142856
1977-05-01,16.516022857142858
1977-06-01,20.038639999999997
1977-07-01,24.96585142857143
1977-08-01,24.31936
1977-09-01,22.45869142857143
1977-10-01,16.733137142857142
1977-11-01,12.08805142857143
1977-12-01,6.37116
1978-01-01,3.094108571428572
1978-02-01,1.8361828571428571
1978-03-01,6.164302857142856
1978-04-01,11.322582857142857
1978-05-01,17.09006857142857
1978-06-01,21.70902285714286
1978-07-01,26.461154285714287
1978-08-01,26.843714285714285
1978-09-01,21.564125714285712
1978-10-01,15.342331428571429
1978-11-01,10.442897142857143
1978-12-01,5.889708571428571
1979-01-01,4.165188571428572
1979-02-01,5.868514285714285
1979-03-01,7.062891428571428
1979-04-01,11.366439999999999
1979-05-01,16.135977142857143
1979-06-01,22.194074285714283
1979-07-01,23.700068571428574
1979-08-01,25.91514857142857
1979-09-01,22.124302857142858
1979-10-01,17.126034285714287
1979-11-01,11.337497142857142
1979-12-01,6.841657142857143
1980-01-01,2.867542857142857
1980-02-01,2.2018857142857144
1980-03-01,6.160651428571429
1980-04-01,11.059868571428572
1980-05-01,16.947760000000002
1980-06-01,21.70861142857143
1980-07-01,22.98003428571429
1980-08-01,23.176360000000003
1980-09-01,20.965434285714288
1980-10-01,15.685177142857146
1980-11-01,10.772474285714285
1980-12-01,4.260417142857143
1981-01-01,1.0171028571428573
1981-02-01,2.5701371428571433
1981-03-01,6.726057142857143
1981-04-01,11.747234285714287
1981-05-01,15.805925714285715
1981-06-01,19.753354285714284
1981-07-01,25.29845142857143
1981-08-01,24.812685714285717
1981-09-01,20.361308571428573
1981-10-01,14.989325714285714
1981-11-01,8.28258857142857
1981-12-01,4.8131771428571435
1982-01-01,2.709685714285714
1982-02-01,2.9255428571428572
1982-03-01,7.422485714285714
1982-04-01,11.689537142857143
1982-05-01,18.279645714285714
1982-06-01,19.890988571428572
1982-07-01,22.26345142857143
1982-08-01,25.192725714285714
1982-09-01,20.565291428571427
1982-10-01,15.628445714285714
1982-11-01,11.757177142857142
1982-12-01,5.995902857142856
1983-01-01,3.324068571428571
1983-02-01,2.8534285714285716
1983-03-01,6.476439999999999
1983-04-01,13.91968
1983-05-01,17.43791428571428
1983-06-01,19.420011428571428
1983-07-01,23.216137142857143
1983-08-01,26.20075428571429
1983-09-01,22.015217142857143
1983-10-01,15.210057142857144
1983-11-01,9.650314285714286
1983-12-01,3.887057142857143
1984-01-01,0.8297942857142858
1984-02-01,0.53492
1984-03-01,3.6300285714285714
1984-04-01,10.441211428571428
1984-05-01,15.99992
1984-06-01,21.128868571428573
1984-07-01,25.127262857142856
1984-08-01,26.80576
1984-09-01,21.465320000000002
1984-10-01,15.153954285714288
1984-11-01,10.251948571428573
1984-12-01,4.861542857142857
1985-01-01,1.1462742857142858
1985-02-01,4.014057142857143
1985-03-01,6.72896
1985-04-01,12.4306
1985-05-01,17.468079999999997
1985-06-01,19.52912
1985-07-01,24.95808
1985-08-01,26.87230285714286
1985-09-01,22.218257142857144
1985-10-01,15.820034285714286
1985-11-01,10.243485714285713
1985-12-01,4.012777142857143
1986-01-01,1.3539085714285715
1986-02-01,1.4692457142857145
1986-03-01,5.947297142857143
1986-04-01,11.917245714285714
1986-05-01,16.198314285714286
1986-06-01,20.053057142857142
1986-07-01,23.186811428571435
1986-08-01,25.71398285714286
1986-09-01,22.07021142857143
1986-10-01,14.379331428571428
1986-11-01,9.733485714285715
1986-12-01,5.960497142857143
1987-01-01,3.2753085714285715
1987-02-01,4.171582857142857
1987-03-01,6.873645714285714
1987-04-01,11.98764
1987-05-01,17.026702857142855
1987-06-01,20.927039999999998
1987-07-01,25.19053142857143
1987-08-01,25.758222857142858
1987-09-01,21.602508571428572
1987-10-01,16.865285714285715
1987-11-01,10.688291428571429
1987-12-01,5.720474285714286
1988-01-01,4.5216400000000005
1988-02-01,2.403257142857143
1988-03-01,6.10112
1988-04-01,11.724365714285716
1988-05-01,16.33530857142857
1988-06-01,20.65808
1988-07-01,22.514308571428572
1988-08-01,25.620320000000003
1988-09-01,21.866634285714287
1988-10-01,15.082834285714286
1988-11-01,8.587062857142858
1988-12-01,4.988142857142857
1989-01-01,5.244828571428571
1989-02-01,5.187994285714287
1989-03-01,7.347394285714286
1989-04-01,12.875462857142859
1989-05-01,16.067531428571428
1989-06-01,19.455617142857143
1989-07-01,23.52864
1989-08-01,25.58789142857143
1989-09-01,22.66306285714286
1989-10-01,15.305394285714286
1989-11-01,11.417651428571428
1989-12-01,5.860514285714285
1990-01-01,2.5818457142857145
1990-02-01,6.157571428571429
1990-03-01,8.211685714285714
1990-04-01,12.280308571428572
1990-05-01,16.99816
1990-06-01,21.903702857142857
1990-07-01,25.046588571428572
1990-08-01,27.029925714285714
1990-09-01,22.922354285714288
1990-10-01,16.721845714285717
1990-11-01,12.600457142857142
1990-12-01,6.708657142857142
1991-01-01,3.3299485714285715
1991-02-01,3.2650285714285716
1991-03-01,7.4775028571428575
1991-04-01,12.894428571428572
1991-05-01,16.722811428571426
1991-06-01,21.825462857142856
1991-07-01,24.603588571428574
1991-08-01,24.423857142857145
1991-09-01,22.27830857142857
1991-10-01,16.093274285714283
1991-11-01,10.310068571428571
1991-12-01,6.439074285714286
1992-01-01,4.22348
1992-02-01,3.979102857142857
1992-03-01,7.786417142857143
1992-04-01,12.556828571428573
1992-05-01,15.530382857142857
1992-06-01,19.418108571428572
1992-07-01,24.24026857142857
1992-08-01,25.09492
1992-09-01,21.39550857142857
1992-10-01,15.531531428571428
1992-11-01,10.583777142857143
1992-12-01,6.245559999999999
1993-01-01,4.176514285714286
1993-02-01,4.836537142857144
1993-03-01,6.467942857142856
1993-04-01,11.185902857142857
1993-05-01,16.187240000000003
1993-06-01,19.93274857142857
1993-07-01,21.863245714285714
1993-08-01,23.298548571428572
1993-09-01,20.558462857142857
1993-10-01,14.889971428571428
1993-11-01,11.624920000000001
1993-12-01,5.641977142857143
1994-01-01,3.03556
1994-02-01,3.7840971428571435
1994-03-01,5.817857142857143
1994-04-01,13.359668571428571
1994-05-01,17.719462857142858
1994-06-01,20.790737142857147
1994-07-01,26.599742857142857
1994-08-01,27.31008
1994-09-01,22.873434285714286
1994-10-01,17.452405714285714
1994-11-01,11.251022857142857
1994-12-01,6.096165714285714
1995-01-01,3.0007657142857145
1995-02-01,3.7055028571428577
1995-03-01,7.000314285714286
1995-04-01,12.211885714285714
1995-05-01,16.813845714285716
1995-06-01,19.229765714285712
1995-07-01,24.74826857142858
1995-08-01,27.08769714285714
1995-09-01,21.14437714285714
1995-10-01,16.83290285714286
1995-11-01,9.202525714285715
1995-12-01,4.200822857142857
1996-01-01,3.1962285714285716
1996-02-01,2.7387257142857147
1996-03-01,6.576611428571428
1996-04-01,10.081977142857143
1996-05-01,16.2652
1996-06-01,20.704354285714288
1996-07-01,24.611171428571428
1996-08-01,24.99412571428572
1996-09-01,20.699377142857145
1996-10-01,15.60665142857143
1996-11-01,10.652531428571429
1996-12-01,5.702668571428572
1997-01-01,3.152205714285714
1997-02-01,3.9371714285714288
1997-03-01,7.888857142857143
1997-04-01,12.640057142857144
1997-05-01,17.173674285714284
1997-06-01,20.935022857142858
1997-07-01,24.534708571428574
1997-08-01,25.41970857142857
1997-09-01,21.261925714285713
1997-10-01,15.322514285714286
1997-11-01,11.68444
1997-12-01,6.2748800000000005
1998-01-01,2.835314285714286
1998-02-01,4.97672
1998-03-01,7.858177142857143
1998-04-01,14.736794285714286
1998-05-01,18.640205714285713
1998-06-01,20.392845714285716
1998-07-01,24.472114285714284
1998-08-01,25.824920000000006
1998-09-01,22.942348571428575
1998-10-01,17.83194285714286
1998-11-01,10.825451428571428
1998-12-01,6.424034285714285
1999-01-01,3.5274000000000005
1999-02-01,3.5609542857142857
1999-03-01,7.999497142857143
1999-04-01,12.347748571428573
1999-05-01,17.65484
1999-06-01,21.088845714285714
1999-07-01,24.333748571428576
1999-08-01,26.41777142857143
1999-09-01,23.958497142857144
1999-10-01,16.897245714285713
1999-11-01,11.173537142857144
1999-12-01,5.419988571428571
2000-01-01,4.549748571428571
2000-02-01,2.593417142857143
2000-03-01,6.568365714285714
2000-04-01,11.81176
2000-05-01,17.66061142857143
2000-06-01,20.772354285714286
2000-07-01,25.65669142857143
2000-08-01,26.44958857142857
2000-09-01,22.667657142857145
2000-10-01,16.510502857142857
2000-11-01,11.157045714285713
2000-12-01,5.527251428571429
2001-01-01,2.0446685714285713
2001-02-01,3.68744
2001-03-01,6.981234285714285
2001-04-01,12.853222857142857
2001-05-01,17.723622857142857
2001-06-01,21.159200000000002
2001-07-01,26.238628571428574
2001-08-01,25.171799999999998
2001-09-01,21.243845714285715
2001-10-01,16.22462857142857
2001-11-01,10.1238
2001-12-01,4.856662857142857
2002-01-01,4.128285714285714
2002-02-01,4.945714285714286
2002-03-01,9.184308571428572
2002-04-01,13.871137142857144
2002-05-01,16.98104
2002-06-01,20.446822857142855
2002-07-01,25.789251428571426
2002-08-01,25.956491428571432
2002-09-01,21.620617142857142
2002-10-01,15.937948571428572
2002-11-01,8.243194285714287
2002-12-01,4.743662857142857
2003-01-01,2.4313371428571426
2003-02-01,4.086297142857143
2003-03-01,6.314508571428571
2003-04-01,12.864611428571427
2003-05-01,17.216617142857142
2003-06-01,20.99701142857143
2003-07-01,21.920342857142856
2003-08-01,24.743594285714284
2003-09-01,22.46534857142857
2003-10-01,15.239845714285714
2003-11-01,12.572125714285713
2003-12-01,5.981382857142857
2004-01-01,3.0105371428571424
2004-02-01,5.298851428571428
2004-03-01,7.418782857142857
2004-04-01,13.522428571428572
2004-05-01,17.973285714285712
2004-06-01,21.881594285714286
2004-07-01,26.26366857142857
2004-08-01,25.35404
2004-09-01,22.97465142857143
2004-10-01,15.902617142857144
2004-11-01,12.472588571428572
2004-12-01,6.92324
2005-01-01,3.0595657142857147
2005-02-01,3.333097142857143
2005-03-01,6.39264
2005-04-01,12.954611428571427
2005-05-01,16.216142857142856
2005-06-01,21.94870285714286
2005-07-01,24.22838857142857
2005-08-01,26.063805714285714
2005-09-01,23.009365714285718
2005-10-01,16.987828571428572
2005-11-01,10.388994285714286
2005-12-01,2.7187142857142854
2006-01-01,2.4925200000000003
2006-02-01,4.256868571428571
2006-03-01,6.774942857142857
2006-04-01,11.21261142857143
2006-05-01,17.021702857142856
2006-06-01,20.894194285714285
2006-07-01,23.981491428571427
2006-08-01,26.359937142857145
2006-09-01,21.69202285714286
2006-10-01,17.22233142857143
2006-11-01,11.603211428571427
2006-12-01,6.226965714285715
2007-01-01,4.5358914285714285
2007-02-01,6.015725714285714
2007-03-01,7.827302857142858
2007-04-01,11.566325714285714
2007-05-01,17.219022857142857
2007-06-01,21.24842285714286
2007-07-01,23.036365714285715
2007-08-01,26.780565714285714
2007-09-01,23.655342857142866
2007-10-01,16.7042
2007-11-01,10.550662857142857
2007-12-01,6.125068571428571
2008-01-01,3.129342857142857
2008-02-01,2.672897142857143
2008-03-01,8.27432
2008-04-01,12.761125714285715
2008-05-01,16.9468
2008-06-01,20.0658
2008-07-01,25.586165714285716
2008-08-01,25.416422857142855
2008-09-01,22.19190857142857
2008-10-01,16.843177142857144
2008-11-01,10.431325714285714
2008-12-01,6.435125714285714
2009-01-01,3.851685714285714
2009-02-01,5.528474285714285
2009-03-01,7.61414857142857
2009-04-01,12.94001142857143
2009-05-01,17.803634285714285
2009-06-01,20.971902857142858
2009-07-01,24.225102857142858
2009-08-01,24.919017142857147
2009-09-01,21.42665142857143
2009-10-01,16.260548571428572
2009-11-01,10.95912
2009-12-01,5.852457142857143
2010-01-01,3.588314285714286
2010-02-01,4.783228571428571
2010-03-01,7.1700800000000005
2010-04-01,10.651268571428572
2010-05-01,16.61422857142857
2010-06-01,21.681085714285715
2010-07-01,25.69156
2010-08-01,27.659805714285717
2010-09-01,23.44045714285714
2010-10-01,17.014434285714287
2010-11-01,10.548577142857143
2010-12-01,6.442714285714286
2011-01-01,1.5778800000000002
2011-02-01,4.8548
2011-03-01,5.600365714285714
2011-04-01,11.609857142857143
2011-05-01,16.763577142857145
2011-06-01,21.52608
2011-07-01,25.47345142857143
2011-08-01,26.010811428571426
2011-09-01,22.824497142857147
2011-10-01,16.522594285714288
2011-11-01,12.176045714285713
2011-12-01,4.714805714285714
2012-01-01,2.2564800000000003
2012-02-01,2.719897142857143
2012-03-01,6.679600000000001
2012-04-01,12.25921142857143
2012-05-01,17.088445714285715
2012-06-01,20.06246857142857
2012-07-01,25.012040000000006
2012-08-01,26.93576
2012-09-01,23.701274285714284
2012-10-01,16.69061142857143
2012-11-01,9.8936
2012-12-01,3.9979028571428565
2013-01-01,2.3766114285714286
2013-02-01,3.279102857142857
2013-03-01,8.659502857142858
2013-04-01,11.815622857142857
2013-05-01,17.147177142857142
2013-06-01,21.343062857142858
2013-07-01,25.510760000000005
2013-08-01,26.994497142857146
2013-09-01,
